928,801,194,99,260,958,871,392,748,458,387,546,146,291,437,4,858,283,989,638
257,130,387,4,901,775,392,521,522,1004,146,918,260,283,157,928,801,546,291,840,947,437,958,194,584,458,717,467,857,858,989,99,357,614,871,748,877,115,638
257,130,387,4,901,775,392,521,522,1004,652,525,398,657,146,958,918,857,260,283,157,913,801,546,291,38,298,989,840,947,437,567,316,702,928,194,584,458,717,718,722,467,601,858,92,605,862,99,357,614,871,748,877,622,115,766,761,638
989,257,130,387,4,901,775,392,521,522,1004,652,141,398,656,273,146,275,958,790,857,260,282,283,346,285,542,913,801,546,291,38,297,298,858,845,175,840,947,437,918,567,571,316,702,565,928,194,770,584,458,717,718,525,722,467,601,90,92,605,862,608,99,484,357,614,657,871,748,877,622,157,754,115,766,761,638,255
512,4,521,522,525,858,542,546,38,564,565,54,567,568,571,584,76,601,90,92,605,608,99,614,621,622,115,632,638,130,652,141,877,656,657,146,157,175,178,702,194,717,718,722,748,241,754,755,761,766,255,257,770,260,775,273,275,350,790,282,283,285,801,291,297,298,817,316,327,328,845,856,857,346,862,866,357,871,365,387,901,392,398,913,918,928,840,947,437,958,458,467,989,484,1004
512,4,521,522,525,528,858,542,546,38,564,565,54,567,568,570,571,584,76,600,601,90,603,92,605,608,99,614,621,622,115,632,636,638,130,647,652,141,877,656,657,146,157,162,175,178,702,194,717,718,722,748,241,754,755,761,766,255,257,770,260,775,273,786,275,790,282,283,285,801,291,862,297,298,817,822,316,327,328,845,856,857,346,350,866,357,871,363,365,370,379,387,901,392,398,913,918,407,928,424,840,947,437,958,458,467,476,989,484,1004,496,509
512,4,517,521,522,525,528,529,532,858,542,546,38,564,565,54,567,568,570,571,584,76,600,601,90,603,92,605,608,99,614,621,622,115,632,636,638,130,647,652,141,143,656,657,146,151,157,162,175,178,186,702,194,712,717,718,722,979,226,877,748,241,754,755,761,766,255,257,770,260,775,273,786,275,277,790,282,283,285,801,291,862,297,298,817,820,822,316,327,328,845,856,857,346,350,866,357,871,363,365,880,370,379,387,901,392,398,913,918,407,928,424,840,947,437,958,458,467,476,989,484,1004,496,499,501,1019,509
512,4,517,521,522,525,528,529,532,29,542,546,38,564,565,54,567,568,570,571,584,74,76,611,600,601,90,603,92,605,608,99,614,616,621,622,115,632,636,638,641,130,647,651,652,141,143,656,657,146,151,157,162,858,175,178,186,700,702,194,712,205,718,717,840,722,979,226,877,748,241,754,755,757,761,766,255,257,770,260,775,273,786,275,277,790,282,283,285,801,291,862,297,298,817,820,822,314,316,327,328,845,856,857,346,350,866,357,871,874,363,365,880,370,884,379,387,901,392,907,398,913,403,918,407,928,424,431,433,947,437,958,458,467,987,476,989,484,1004,496,499,1012,501,1019,509
512,4,517,521,522,524,525,528,529,532,29,542,546,38,564,565,54,567,568,570,571,584,74,587,76,611,600,601,90,603,92,605,608,99,614,616,621,622,115,632,636,638,641,130,135,651,652,141,143,656,657,146,151,157,162,858,175,178,179,884,186,700,702,194,712,205,718,717,840,722,979,226,877,748,241,754,755,757,761,766,255,257,770,260,775,273,786,275,788,277,790,282,283,285,801,291,862,297,298,647,817,820,822,314,316,835,327,328,845,856,857,346,350,866,357,871,872,828,874,363,365,880,370,372,375,379,387,901,392,907,398,913,403,918,407,921,411,928,931,935,424,431,433,947,437,958,969,458,467,982,987,476,989,1019,484,1004,496,499,1012,501,767,509
512,4,517,521,522,524,525,528,529,532,535,24,29,542,546,38,564,565,54,567,568,570,571,578,584,74,587,76,611,600,601,90,603,92,605,608,99,614,616,621,622,115,629,632,123,636,638,641,130,135,651,652,141,143,656,657,146,151,157,161,162,681,682,858,175,178,179,884,186,700,702,194,712,716,205,718,717,840,722,979,226,550,877,748,241,754,755,757,761,766,255,257,258,260,775,273,786,275,788,277,790,282,283,285,801,291,862,297,298,647,303,817,820,822,314,316,835,327,328,333,856,857,346,350,351,866,357,871,872,828,874,363,365,880,370,372,375,379,899,387,901,392,907,398,913,403,918,407,921,411,928,931,935,424,431,433,947,437,958,770,969,458,845,467,982,987,476,989,1019,484,1004,496,499,1012,501,767,509
512,4,517,521,522,524,525,528,529,532,535,24,29,542,546,38,45,947,564,565,54,567,568,570,571,578,584,74,587,76,595,600,601,90,603,92,605,608,99,614,958,616,700,621,622,115,629,632,123,636,638,641,130,875,135,651,652,141,143,656,657,146,151,157,159,161,162,678,681,682,858,175,178,179,884,186,188,702,194,712,716,205,718,717,840,722,979,226,550,877,748,241,754,755,757,761,252,766,255,257,258,260,775,782,273,786,275,788,277,790,282,283,285,801,291,862,297,298,647,303,817,820,821,822,314,316,835,327,328,333,856,857,346,350,351,866,357,871,872,828,874,363,365,880,370,372,375,379,899,387,900,901,392,907,398,913,403,918,407,921,411,928,931,935,424,937,431,433,611,437,586,446,770,969,458,845,467,982,987,476,989,1019,484,1000,490,1004,496,499,1012,501,767,509
512,4,517,8,521,522,524,525,528,529,532,535,24,29,542,546,38,40,45,947,564,565,54,567,568,570,571,578,584,74,587,76,595,600,601,90,603,92,605,608,99,614,958,616,700,621,622,115,629,632,123,636,638,641,130,875,647,137,651,652,141,143,144,657,146,151,157,159,161,162,678,681,682,858,175,178,179,884,186,188,702,194,709,712,202,716,205,718,717,840,722,221,979,550,877,748,241,754,755,757,761,252,766,255,257,258,260,775,782,273,786,275,788,277,790,282,283,285,801,291,807,297,298,303,817,820,821,822,314,316,835,327,328,333,847,848,852,856,857,346,862,351,656,866,357,871,872,874,363,365,878,880,370,372,375,379,899,387,900,901,392,907,398,913,403,951,918,407,921,411,928,935,424,937,431,433,611,437,439,586,446,770,453,969,458,845,467,982,987,476,989,1019,484,1000,490,1004,496,936,499,1012,501,767,509,511
512,4,517,8,521,522,524,525,528,529,532,535,24,29,542,546,38,40,45,564,565,54,567,568,570,571,64,578,584,74,587,76,595,600,601,90,603,92,605,608,99,614,958,616,700,622,115,629,632,123,636,638,128,641,130,875,647,137,651,652,143,144,657,146,151,157,159,161,162,678,681,682,858,175,178,179,185,186,188,702,194,709,712,202,716,717,718,840,722,221,226,550,877,748,241,754,755,757,761,252,766,255,257,258,259,260,775,782,273,786,275,788,277,790,282,283,285,801,291,862,807,297,811,303,817,820,821,822,314,316,319,327,328,333,847,848,852,856,857,346,350,351,656,357,871,872,874,363,365,878,370,371,372,375,379,899,387,900,901,392,907,398,913,403,404,951,918,407,921,411,928,935,424,937,426,431,433,611,437,439,586,446,770,453,969,458,467,982,987,476,989,1019,484,1000,490,1004,496,936,499,1012,501,767,509,511
256,832,995,389,710,616,681,234,13,173,881,562,403,190,790,600,722,751,254,543
256,512,389,519,269,910,403,148,790,539,31,419,934,40,681,810,173,562,182,312,185,543,769,190,832,710,76,13,722,83,600,219,995,616,234,751,881,1012,125,254
256,512,772,389,519,136,810,269,782,783,912,914,403,148,790,539,156,31,32,419,549,678,881,40,681,298,173,562,182,312,185,543,769,190,832,416,710,76,13,952,722,83,910,855,600,219,220,992,995,934,616,234,877,751,168,1012,759,632,125,254
256,512,516,389,519,136,810,13,782,783,912,914,403,148,877,150,772,26,539,156,31,32,1000,419,549,678,881,40,681,298,173,560,562,182,312,185,543,444,1012,190,995,832,416,591,326,967,458,76,269,710,952,338,83,341,855,600,474,219,220,910,992,769,955,934,871,616,105,234,492,722,751,168,372,759,632,122,790,125,254,511
512,516,519,13,18,26,539,28,31,32,549,40,560,562,76,591,83,600,616,105,109,632,122,125,645,136,654,148,150,156,678,168,681,173,182,183,185,543,190,710,712,719,208,722,219,220,234,751,243,759,298,254,256,769,772,776,269,782,783,790,295,810,303,312,832,326,338,341,855,871,877,366,881,372,389,909,910,912,914,403,416,419,934,952,441,955,444,454,967,458,980,474,992,482,995,1000,492,1012,1015,511
512,516,519,13,18,26,539,28,543,32,549,40,560,562,569,59,76,591,80,83,599,600,615,616,105,109,116,632,122,124,125,130,645,136,654,148,150,156,678,168,681,173,182,183,185,31,701,190,710,712,719,208,722,219,220,234,751,243,759,810,254,256,769,772,776,269,782,783,790,282,295,298,303,312,832,326,843,333,338,341,855,871,877,366,881,372,373,889,389,395,909,910,912,914,403,416,419,934,952,441,955,444,454,967,458,980,983,474,992,482,995,1000,492,1010,1012,1015,511
512,516,519,524,13,18,26,539,28,543,32,549,40,560,562,569,59,76,591,80,83,599,600,98,615,616,105,109,116,632,122,124,125,130,645,136,654,148,150,156,672,678,168,681,173,182,183,185,31,701,190,710,199,712,719,208,721,722,219,220,229,234,807,751,243,759,810,254,256,769,772,773,776,779,269,782,783,790,282,801,295,298,303,312,832,326,330,843,333,338,341,855,858,871,877,366,881,372,373,889,893,389,395,909,910,912,914,403,416,419,934,952,441,955,444,447,454,967,458,980,983,474,989,992,482,995,1000,492,1010,1012,1013,1015,511
512,516,519,8,524,13,18,26,539,28,31,32,549,40,560,562,569,59,70,71,76,591,80,83,599,600,98,615,616,105,109,116,632,122,124,125,130,645,136,649,654,659,148,150,156,672,966,678,168,681,173,790,182,183,184,185,543,701,190,710,199,712,713,719,208,721,722,219,220,229,234,807,751,243,759,810,254,256,769,772,773,776,265,779,269,782,783,278,282,801,295,298,303,306,312,832,326,330,843,333,338,341,855,858,865,358,871,877,366,881,372,373,889,893,389,395,909,910,912,914,403,414,416,419,421,934,952,441,955,444,447,928,454,967,458,462,980,983,474,989,991,992,482,995,996,1000,492,1010,1012,1013,1015,511
512,3,516,519,8,524,13,18,26,539,28,31,32,549,40,560,562,563,569,59,70,71,586,76,591,80,952,83,599,600,90,98,615,616,105,109,116,632,122,124,125,130,645,136,649,654,659,148,150,156,671,672,966,678,168,681,173,790,182,183,184,185,187,701,190,710,199,712,713,719,208,721,722,219,220,227,229,234,807,748,751,243,759,810,254,256,769,772,773,776,265,779,269,782,783,278,281,282,288,801,295,298,303,817,306,312,832,326,330,843,333,338,341,855,858,865,358,871,877,366,881,372,373,889,893,389,395,396,909,910,912,914,403,921,414,416,419,421,934,926,543,441,955,444,447,928,454,967,458,462,979,980,983,474,989,991,992,482,995,996,1000,490,492,1010,1012,1013,1015,511
512,3,516,519,8,524,13,18,26,539,28,31,32,549,40,560,562,563,55,569,59,70,71,1013,586,76,591,80,952,83,599,600,90,95,98,615,616,105,109,116,629,632,122,124,125,130,643,132,645,136,649,654,659,148,150,156,671,672,966,678,168,681,173,790,182,183,184,185,186,187,701,190,710,199,712,713,719,208,721,722,219,220,227,229,234,807,748,751,243,759,810,254,256,769,772,773,776,265,779,269,782,783,277,278,281,282,288,801,295,732,298,303,817,306,312,832,326,330,843,333,848,338,341,855,858,865,355,358,871,877,366,881,372,373,889,893,389,395,396,909,910,912,914,403,921,414,416,929,930,419,781,421,934,426,926,438,543,441,955,444,447,928,454,967,458,462,979,980,983,474,989,991,992,482,995,996,486,1000,490,492,1010,1012,766,1015,511
512,3,516,519,8,522,11,524,13,18,26,539,28,602,31,32,546,549,40,956,560,562,563,55,569,59,61,70,71,72,586,76,591,80,952,83,599,600,90,95,98,615,616,105,109,622,116,629,632,122,124,125,130,643,132,645,136,649,654,659,148,150,156,538,671,672,966,678,168,681,173,790,182,183,184,185,186,187,701,190,710,199,712,713,719,208,721,722,729,219,220,227,229,234,807,748,751,243,759,810,254,256,769,772,773,776,265,779,269,782,783,277,278,281,282,287,288,801,804,295,296,732,298,303,817,306,312,832,326,330,843,333,848,338,341,855,858,865,355,358,871,1013,877,366,881,372,373,889,893,897,386,389,393,395,396,909,910,912,914,403,405,921,414,416,929,930,419,781,421,934,426,926,438,543,441,955,444,447,928,454,967,458,462,464,979,980,983,474,989,991,992,482,995,996,486,1000,490,492,1010,1012,766,1015,511
512,2,3,516,519,8,522,11,524,13,17,18,26,539,858,31,32,546,549,40,956,560,562,563,55,569,59,70,71,72,586,76,591,80,81,83,599,600,602,95,98,615,616,105,622,116,629,632,122,124,125,130,643,132,645,136,649,654,659,148,150,156,538,672,678,168,681,173,790,182,183,184,185,186,187,701,190,710,199,712,713,719,208,721,722,889,729,219,220,634,227,229,234,807,748,751,759,810,254,256,769,772,773,776,265,779,269,782,783,277,278,282,287,288,801,804,295,296,732,298,299,303,817,306,312,914,832,326,330,843,333,848,338,341,855,346,865,355,358,871,1013,877,366,881,882,372,373,377,893,897,386,389,393,395,396,909,910,912,402,403,405,918,922,414,928,929,930,419,781,421,934,426,946,952,926,438,543,441,955,444,447,966,967,458,462,464,953,981,983,474,989,991,992,995,996,486,1000,492,1010,499,1012,766,1015,511
512,2,3,516,519,522,11,524,13,17,18,26,539,31,32,546,40,41,956,560,562,563,55,59,70,71,72,586,76,591,80,81,83,599,600,602,95,98,615,616,105,622,116,629,632,122,124,125,643,132,645,136,649,650,654,659,150,667,156,538,672,678,167,168,681,173,790,691,182,183,184,185,186,187,701,190,710,199,712,713,719,208,721,722,889,216,729,219,220,634,229,234,807,748,751,759,810,254,256,769,772,773,776,265,779,269,782,783,273,275,277,278,282,285,287,288,801,802,804,295,296,732,298,299,303,306,312,914,832,833,326,330,843,844,333,338,341,854,855,346,865,355,358,871,1013,877,366,882,372,373,377,893,897,386,389,393,395,396,909,910,912,402,403,405,918,922,414,928,929,930,419,781,421,934,426,946,952,926,543,955,444,447,962,966,967,458,462,464,977,981,983,474,989,991,992,766,995,996,486,1000,492,501,1015,511
736,833,34,835,70,874,205,976,401,626,756,181,790,503,824,441,186,572,474,287
903,652,270,401,403,533,790,286,287,32,801,34,931,424,177,181,824,441,186,572,1012,833,835,70,72,205,976,468,474,736,487,874,367,626,756,502,503,200
903,652,270,401,147,533,790,367,541,286,287,32,801,34,931,70,424,1010,304,177,1012,179,692,181,824,441,186,543,572,189,833,835,630,326,72,332,205,976,81,468,214,601,474,220,989,736,487,874,111,626,403,756,502,503,120,200,1002,383
692,130,833,907,652,270,401,147,533,790,367,541,286,287,32,801,34,931,326,424,170,683,1010,174,1002,304,177,1012,179,564,181,824,441,186,543,572,189,288,194,835,630,70,72,203,332,205,718,845,903,81,468,846,214,216,601,474,672,220,989,736,976,482,358,103,874,487,492,111,856,626,115,756,502,503,120,200,403,383
171,14,546,533,541,543,32,34,564,572,70,72,81,601,103,111,626,115,630,120,130,133,652,147,154,672,170,683,174,177,179,692,181,186,189,194,200,203,205,718,208,214,215,216,220,736,241,756,270,273,790,286,287,288,801,304,824,833,835,326,332,845,846,851,856,358,874,367,1002,383,903,907,909,401,403,931,424,437,439,441,447,976,468,474,989,482,487,490,492,494,1007,1010,1012,502,503,505
171,4,14,546,533,541,543,32,34,564,572,61,70,72,81,601,103,111,624,626,115,630,120,130,133,652,147,154,672,170,683,174,177,179,692,181,186,189,544,194,200,713,203,205,718,208,724,214,215,216,220,736,241,756,642,270,273,790,285,286,287,288,801,807,304,824,833,322,835,326,332,845,846,851,341,856,358,874,367,1002,383,901,390,903,907,909,401,403,931,424,437,439,441,447,962,976,468,1017,474,989,990,482,486,487,490,492,494,1007,1010,1012,502,503,505,1019
683,4,14,546,533,541,30,543,544,34,564,692,572,61,70,72,81,782,601,101,103,111,624,626,115,630,120,130,133,652,147,154,672,170,171,174,177,179,180,181,186,699,189,32,194,200,713,203,205,718,208,724,213,214,215,216,220,736,241,756,258,642,270,273,790,285,286,287,288,801,807,304,821,824,833,322,835,326,332,845,846,851,341,856,357,358,871,874,367,1002,383,901,390,903,907,909,401,403,931,753,424,437,439,441,447,962,456,976,468,469,1017,474,989,990,482,486,487,490,935,492,1005,494,1007,1010,1012,502,503,505,1019
683,4,14,546,533,541,30,543,32,34,37,46,52,692,572,61,70,72,81,782,600,601,101,103,111,624,626,115,630,120,130,133,652,147,154,672,162,170,171,174,177,179,180,181,186,699,189,544,194,200,713,203,205,718,208,724,213,214,215,216,220,736,241,756,258,260,642,270,273,790,285,286,287,288,801,807,302,304,821,824,564,315,833,322,835,326,332,845,846,336,851,341,856,346,357,358,871,872,874,878,367,1002,383,901,390,903,907,909,401,403,968,931,934,753,424,425,437,439,441,447,962,456,463,976,468,469,1017,474,989,990,482,486,487,490,935,492,1005,494,1007,1010,1012,502,503,505,1019
683,4,525,14,546,533,541,30,543,32,34,37,46,52,692,572,61,70,72,77,81,526,600,601,101,103,105,111,624,626,115,630,120,130,133,652,962,147,878,154,672,162,170,171,174,177,179,180,181,186,699,189,544,194,200,713,202,203,205,718,208,722,724,213,214,215,216,220,736,241,756,258,771,260,642,270,273,788,790,285,286,287,288,801,807,302,304,307,821,824,564,315,833,322,835,326,332,845,846,336,851,341,856,345,346,357,358,871,872,874,366,367,1002,383,901,390,903,907,909,401,403,968,415,931,934,753,424,425,437,439,441,447,782,456,463,976,468,469,1017,474,989,990,482,995,997,486,487,490,935,492,1005,494,1007,937,1010,1012,502,503,505,1019
683,4,525,14,15,531,533,541,30,543,32,34,37,555,46,562,52,692,572,61,70,72,77,81,526,600,601,546,101,103,105,907,111,624,626,115,630,120,788,130,133,652,962,147,878,154,672,162,165,170,171,174,177,179,180,181,186,699,189,544,194,199,200,713,202,203,205,718,208,722,724,213,214,215,216,220,736,740,748,241,243,756,761,258,771,260,642,270,273,276,790,285,286,287,288,801,807,302,304,307,821,824,564,315,833,322,835,326,332,845,846,336,851,341,856,345,346,357,358,871,872,874,366,367,886,1002,383,901,390,903,395,712,909,401,403,968,415,931,934,753,424,425,437,439,441,447,782,453,456,461,463,976,468,469,1017,474,989,990,482,995,997,486,487,490,935,492,1005,494,1007,937,1010,1012,502,503,505,1019
683,4,5,525,14,15,531,533,541,30,543,32,34,37,555,46,562,52,692,572,61,70,72,77,78,81,526,599,600,601,546,962,101,103,105,907,111,624,626,115,630,120,788,638,130,133,135,652,653,147,878,154,672,162,165,170,171,174,177,179,180,181,186,699,189,192,544,194,710,199,200,713,202,203,205,718,208,722,724,213,214,215,216,220,736,740,230,748,241,243,756,761,258,771,260,773,642,270,273,276,790,285,286,287,288,801,845,807,302,304,818,307,821,824,564,315,833,322,835,326,332,333,846,336,851,341,856,345,346,357,358,871,872,874,366,367,882,886,1002,383,901,390,903,395,712,909,401,403,968,415,931,934,753,424,425,437,439,441,442,447,782,451,453,456,461,463,976,468,469,1017,474,989,990,627,482,995,997,486,487,490,935,492,1005,494,1007,496,937,1010,1012,502,503,505,1019
683,4,5,525,14,15,531,533,541,30,543,32,34,37,555,46,564,562,52,692,572,61,70,72,77,78,81,782,599,600,601,602,527,613,546,101,103,105,907,111,624,114,115,630,120,788,959,638,130,132,133,135,652,653,147,660,878,672,162,165,170,171,626,174,177,179,180,181,186,699,189,192,544,194,710,199,200,713,202,203,205,718,208,722,724,213,214,215,216,220,736,740,230,748,241,243,756,761,258,771,260,726,642,270,273,276,790,285,286,287,288,801,807,302,818,307,821,824,313,315,833,322,835,326,332,333,846,336,851,341,856,345,346,357,358,871,872,874,363,366,367,882,886,1002,382,383,773,390,903,395,712,909,401,403,968,1007,412,415,418,931,582,934,753,424,425,437,439,901,441,447,962,451,453,456,461,463,976,468,469,1017,474,989,990,627,482,995,997,486,487,489,490,935,492,1005,494,495,496,937,1010,1012,502,503,505,1019
4,5,525,14,15,531,533,541,30,543,32,34,43,46,564,562,52,692,572,61,582,72,77,78,81,782,599,600,601,602,91,93,613,101,103,105,907,111,624,114,115,630,120,788,959,638,130,132,133,135,652,653,660,878,672,165,170,171,626,174,177,179,180,181,186,699,189,192,544,194,195,708,199,200,713,202,203,205,718,208,722,724,213,214,215,216,220,736,740,230,743,753,748,241,243,756,761,258,555,260,726,642,270,273,276,790,285,286,287,288,801,807,302,815,307,821,824,313,315,833,322,835,326,332,333,846,847,336,851,341,856,345,346,357,358,871,872,874,363,366,367,882,886,889,1002,382,383,388,773,390,903,395,712,909,403,968,408,1007,412,415,418,931,934,423,424,425,437,439,901,441,771,447,962,453,456,461,463,976,468,469,1017,527,474,989,990,482,995,997,486,487,489,490,935,492,1005,494,495,496,937,1012,502,503,505,1019
704,418,259,735,486,521,843,235,981,402,822,148,917,790,407,26,479,572,94,447
512,259,521,266,402,148,917,790,407,26,668,672,418,294,796,820,94,822,698,699,572,735,447,704,705,328,843,720,465,341,856,220,478,479,100,486,102,235,404,981
512,704,258,259,521,266,141,402,148,917,790,407,26,668,672,418,676,294,796,942,820,478,822,313,698,187,572,735,447,192,705,328,74,843,845,78,79,720,465,594,723,341,856,859,220,826,94,479,608,699,100,486,102,615,1001,235,244,788,404,981
512,385,258,259,391,486,266,141,981,402,20,917,790,407,26,668,282,286,160,418,705,676,166,679,168,796,555,942,178,820,478,822,521,722,313,698,187,572,650,735,447,192,672,704,328,74,843,845,78,79,720,465,210,723,206,856,859,220,826,94,479,608,699,100,294,102,615,360,1001,404,235,594,626,243,244,788,148,999,341
512,521,771,20,26,555,568,572,71,74,78,79,594,94,608,699,100,102,615,626,118,704,137,650,141,658,148,668,160,676,166,679,168,178,698,187,192,705,194,206,720,722,723,724,220,735,235,210,243,244,258,259,266,782,788,790,282,796,286,802,293,294,820,822,313,826,328,843,845,341,856,859,349,360,364,893,385,391,402,404,917,407,415,418,937,942,447,672,465,981,478,479,995,486,999,1001,1022
512,521,771,20,26,541,37,554,555,568,572,71,74,78,79,594,595,94,608,187,100,102,615,626,118,704,642,193,137,650,139,141,658,148,668,160,676,677,166,167,168,178,182,698,699,192,705,194,206,720,210,723,724,220,734,735,235,722,893,243,244,258,259,266,782,788,790,282,796,286,802,293,294,820,822,313,826,328,843,845,848,341,856,857,859,349,355,360,364,381,385,391,402,404,917,407,415,418,937,942,958,447,672,462,465,981,478,479,995,486,999,1001,679,82,504,1022
512,521,529,771,20,26,541,37,554,555,568,572,71,74,77,78,79,594,595,782,698,94,608,699,100,102,615,113,626,118,704,642,644,705,137,650,139,141,658,148,668,160,676,677,166,167,168,178,182,186,187,188,192,193,194,206,720,210,723,724,220,734,735,235,722,893,243,244,253,258,259,266,270,788,790,282,796,286,802,293,294,298,820,822,313,826,651,328,843,845,848,341,856,857,859,349,355,357,360,364,367,381,385,391,393,1005,402,404,917,407,415,418,937,942,958,447,672,456,462,465,980,981,591,478,479,995,486,999,1001,679,82,504,1022
512,521,11,529,771,20,26,541,37,554,555,568,59,572,71,74,77,78,79,82,595,782,698,94,608,699,100,102,615,113,626,118,636,704,130,644,705,137,650,139,141,658,148,668,160,676,165,166,167,168,178,182,186,187,188,192,193,194,206,720,210,723,724,730,220,734,735,977,235,722,893,243,244,250,253,258,259,266,642,270,788,790,282,796,286,287,800,802,293,294,298,814,820,822,313,826,834,651,328,843,845,848,341,856,857,859,349,355,357,360,364,367,677,884,887,381,385,391,393,1005,401,402,404,917,407,415,418,937,942,958,447,672,456,462,465,980,981,591,478,479,995,486,999,1001,679,594,1008,1010,504,1022
512,519,521,11,529,771,20,536,26,541,37,554,555,564,53,568,59,572,71,74,77,78,79,593,82,595,782,698,94,608,699,100,102,615,113,626,118,636,704,130,644,705,137,650,139,141,658,148,668,160,676,165,166,167,168,796,178,182,183,186,187,188,192,193,194,203,206,720,210,723,724,730,220,734,735,977,235,722,893,243,244,980,250,253,258,259,266,642,270,788,790,282,284,286,287,800,289,802,292,293,294,298,814,820,822,313,826,317,834,651,328,843,845,848,341,856,857,346,859,349,355,357,360,364,367,677,884,887,381,385,388,391,393,1005,401,402,404,917,407,415,418,937,942,438,756,958,447,672,962,456,462,465,468,981,591,478,479,995,486,999,1001,679,594,1008,1010,504,1022
512,699,519,521,11,529,771,20,536,26,541,37,554,555,564,53,568,59,572,71,74,77,78,79,593,82,595,782,953,698,94,608,609,99,100,102,615,113,626,118,631,636,704,130,644,705,137,650,139,141,658,148,668,160,676,165,166,167,168,796,172,178,182,183,186,187,188,192,193,194,708,203,206,720,210,723,724,730,220,734,735,977,746,235,722,893,243,244,980,250,253,258,259,773,266,642,270,788,790,282,284,286,287,800,289,802,292,293,294,298,814,820,310,313,826,317,834,651,836,822,328,843,845,848,341,856,857,346,859,349,355,357,360,364,367,677,884,887,381,385,388,391,393,1005,401,402,404,917,407,411,415,418,937,942,433,438,756,958,447,672,962,454,455,456,462,465,468,981,591,478,479,995,486,999,1001,679,594,1008,1010,504,1022
512,4,699,519,521,11,529,530,771,20,536,26,539,541,34,36,37,554,555,564,53,568,59,60,71,74,77,78,79,593,82,595,782,953,92,698,94,608,609,99,100,102,615,113,626,118,631,636,704,130,644,705,137,650,139,141,658,148,668,160,676,165,166,167,168,796,172,178,182,183,186,187,188,192,193,194,708,203,206,720,210,723,724,725,727,730,220,734,735,977,746,235,722,893,243,244,980,250,252,253,981,258,259,773,266,642,270,788,790,998,282,284,285,286,287,800,289,802,292,293,294,298,814,820,310,313,826,315,317,834,651,836,822,328,843,845,848,341,856,857,346,859,349,862,355,357,360,572,364,367,677,1001,884,887,381,385,388,391,393,1005,401,402,404,917,407,411,415,418,937,939,941,942,433,438,756,958,447,672,962,454,455,456,462,465,468,469,591,478,479,995,486,999,489,679,594,1008,1010,504,1022
512,4,699,519,521,11,529,530,771,536,26,539,541,34,36,37,554,555,46,47,564,53,568,570,59,60,71,74,77,78,79,593,82,595,953,92,698,94,608,609,99,100,102,615,105,109,113,118,631,640,704,130,644,133,961,137,650,139,141,658,148,661,668,160,980,676,165,166,167,168,796,172,178,182,183,186,187,188,192,705,194,708,203,206,720,210,212,725,727,730,220,734,735,977,746,235,722,751,243,244,724,250,252,253,981,258,259,773,266,642,270,788,790,998,282,284,285,286,287,800,289,802,292,293,294,298,814,304,820,310,313,826,315,317,834,651,836,822,328,843,845,341,856,857,346,859,349,862,355,357,360,572,364,367,1001,884,887,893,385,388,391,393,1005,401,402,404,917,407,411,415,418,937,939,941,942,433,438,756,958,447,672,962,454,455,456,462,465,468,469,591,478,479,995,486,999,489,679,594,495,1008,504,508,1021,1022
512,519,771,536,539,541,33,34,36,554,555,46,47,564,53,570,59,572,581,71,74,77,78,79,593,82,595,84,953,698,94,608,609,699,100,102,615,105,106,109,113,118,631,640,704,130,644,133,961,137,650,651,658,148,661,668,157,160,980,676,165,166,167,168,796,172,178,182,183,186,187,188,192,705,194,708,203,206,720,210,212,725,727,730,220,734,735,225,977,746,235,722,751,243,244,760,724,250,252,253,981,258,259,773,264,266,642,270,788,790,279,998,282,284,286,287,800,289,802,292,293,294,732,298,814,304,307,820,309,310,313,826,315,316,317,834,836,822,328,845,339,341,856,346,859,349,862,355,357,360,364,367,884,887,377,893,385,388,391,393,1005,401,402,404,917,407,411,415,418,932,937,939,941,942,433,438,756,958,672,962,454,455,456,970,462,465,468,469,761,591,478,479,995,486,999,1001,679,594,495,1008,504,508,1021,1022
352,800,163,996,721,552,521,682,46,829,472,83,309,872,247,462,122,638,350,767
386,521,522,656,657,19,280,412,800,163,552,682,172,46,818,309,829,77,462,721,83,472,858,350,352,99,996,872,1001,236,366,1010,883,1012,246,247,122,638,767
386,647,136,521,522,565,140,13,656,657,18,19,350,280,412,930,800,290,163,862,677,552,682,172,46,648,818,309,58,829,319,966,203,77,462,847,721,83,472,858,94,352,912,99,996,101,872,1001,236,366,1010,883,1012,246,247,122,638,767
386,780,647,136,521,522,565,140,13,656,344,18,19,350,558,662,280,412,930,800,290,163,862,677,552,42,172,46,648,818,883,309,695,58,829,702,319,1001,966,652,203,204,77,462,847,721,83,727,216,996,858,94,352,912,99,472,101,486,657,872,873,490,236,749,366,495,1010,627,1012,246,247,248,122,951,682,638,767
521,522,13,528,18,19,552,41,42,558,565,58,63,352,77,78,83,94,99,101,114,627,121,122,638,647,136,140,656,792,662,163,677,682,172,177,695,702,203,204,721,727,216,229,236,749,246,247,248,253,767,780,350,46,280,800,290,297,648,818,309,827,829,319,652,847,344,858,862,864,358,657,872,873,366,883,386,912,412,930,951,959,966,462,472,996,486,1001,490,1005,495,1010,1012,255
0,521,522,13,528,18,19,552,41,42,558,565,568,58,63,864,77,78,83,90,94,99,101,112,625,114,627,121,122,638,647,136,140,656,657,662,673,674,163,676,677,682,172,177,695,702,203,204,721,727,216,220,229,236,749,792,246,247,248,253,767,780,46,280,799,800,290,862,297,648,818,309,827,829,319,652,845,335,337,344,858,350,352,358,872,873,365,366,883,386,912,412,930,951,443,959,966,457,462,472,847,480,996,486,1001,490,1005,1006,495,1010,1012,1017,255
0,521,522,13,528,18,19,535,33,552,41,42,558,565,568,58,63,864,583,77,78,83,90,94,99,100,101,109,112,625,114,627,121,122,638,647,136,140,654,656,657,660,662,673,674,163,676,677,682,172,177,695,702,203,204,721,210,727,216,220,229,236,749,792,246,247,248,253,255,775,780,46,280,799,800,290,862,297,648,818,309,313,827,829,319,652,845,335,337,344,858,350,352,354,358,872,873,365,366,881,883,386,903,912,412,927,930,932,427,943,951,443,959,966,457,459,462,472,847,480,996,486,1001,490,1005,1006,495,1010,1012,1017,767,508
0,6,521,522,11,524,13,528,18,19,535,33,552,41,42,46,648,565,568,58,63,864,583,77,78,83,90,94,99,100,101,109,110,112,625,114,627,121,122,638,647,136,140,654,655,656,657,660,662,673,674,163,676,677,680,682,172,177,692,695,702,203,204,208,721,210,727,216,220,229,236,749,792,246,247,248,253,255,775,812,780,558,280,799,800,290,862,297,300,305,818,309,313,827,829,319,652,845,335,337,854,344,858,350,352,354,358,872,873,365,366,881,883,386,388,903,912,923,412,927,930,932,427,943,611,951,443,959,450,966,457,459,462,472,847,480,996,486,1001,490,1005,1006,495,1010,1012,1017,767,508
0,2,6,521,522,11,524,13,528,18,19,535,536,538,33,552,41,42,46,648,565,568,58,63,864,583,72,77,78,83,84,90,94,99,100,101,109,110,112,625,114,627,121,122,959,638,647,136,140,654,655,656,657,660,622,662,157,160,673,674,163,676,677,680,682,172,177,692,695,799,702,203,204,208,721,210,727,216,729,220,229,236,749,792,246,247,248,253,255,775,812,780,785,558,280,287,800,290,862,297,300,305,818,309,313,827,829,319,652,845,335,337,854,344,858,350,352,354,358,872,873,365,366,881,883,373,383,386,388,903,912,923,412,927,930,932,935,427,943,611,951,440,443,447,450,966,457,459,462,976,980,472,847,480,996,486,1001,490,1005,1006,495,1010,1012,503,1017,767,508
0,2,6,521,522,11,524,13,528,18,19,535,536,538,785,33,552,41,42,46,648,565,568,58,63,864,583,72,77,78,83,84,90,94,99,100,101,102,103,109,110,112,625,114,627,121,122,959,638,129,647,136,140,654,655,656,657,660,622,662,157,160,673,674,163,676,677,166,680,682,172,177,692,695,799,700,702,203,204,208,721,210,974,727,216,729,220,229,236,749,792,246,247,248,253,255,775,812,780,273,558,280,287,800,290,862,297,810,300,305,818,308,309,311,313,827,829,319,652,845,335,337,854,344,858,350,352,354,358,872,873,365,366,879,881,883,372,373,383,386,388,903,396,912,923,412,927,930,420,935,427,943,611,951,440,443,447,450,963,966,457,459,462,976,980,472,932,847,480,1019,996,486,1001,490,1005,1006,495,1010,1012,1014,503,1017,767,508
0,2,517,6,520,521,522,11,524,13,528,856,18,19,535,536,538,785,33,552,41,42,46,648,565,568,58,63,864,68,583,72,77,78,83,84,90,94,99,100,101,102,103,109,110,112,625,114,627,121,122,959,638,129,647,136,140,654,655,656,657,660,622,662,157,160,673,674,163,676,677,166,680,682,172,177,692,695,799,700,702,885,203,204,208,721,210,974,727,216,729,220,229,877,236,749,792,754,246,247,248,253,766,255,775,812,780,273,558,280,281,287,800,290,862,297,810,300,305,818,308,309,311,313,827,829,319,652,843,845,334,335,337,854,344,858,350,352,354,358,872,873,365,366,879,881,883,372,373,374,383,386,388,903,396,912,923,412,927,930,420,935,427,943,433,611,951,440,443,447,450,963,966,457,459,462,589,976,980,472,932,847,480,1019,996,486,1001,490,1005,1006,495,496,1010,1012,1014,503,1017,767,508
512,1,2,517,6,520,521,522,11,524,13,528,856,18,19,535,538,785,33,552,41,42,775,46,648,565,568,58,63,864,68,583,72,77,78,83,84,90,94,99,100,101,102,103,109,110,112,625,114,627,121,122,959,124,637,638,129,647,136,140,654,655,656,657,660,622,662,157,160,673,674,163,677,166,680,169,682,172,177,692,695,799,700,702,885,713,203,204,208,721,210,974,727,216,729,229,230,877,236,749,792,754,246,247,248,253,766,255,641,812,780,782,273,558,280,281,287,800,290,862,295,297,810,300,305,818,308,309,311,313,827,829,319,321,652,845,334,335,337,854,344,858,350,351,352,354,358,872,873,365,366,879,883,372,373,374,386,388,903,396,912,411,412,414,927,930,923,420,935,427,943,433,611,951,440,447,450,963,966,459,462,589,976,980,472,932,986,847,480,1019,996,486,1001,490,1005,1006,495,496,1010,1012,1014,503,506,767
512,1,2,517,6,520,521,522,11,524,13,528,856,18,19,535,538,785,33,552,41,42,775,46,50,648,862,568,58,63,864,68,72,77,78,83,84,90,94,611,100,101,102,103,109,110,112,625,114,627,121,122,959,124,637,638,129,647,136,140,654,655,656,657,659,660,622,662,157,160,673,674,163,677,166,680,169,682,172,177,700,702,703,196,199,713,203,204,208,721,210,974,727,216,729,229,230,877,235,236,792,754,756,246,247,248,766,255,773,641,812,780,782,273,276,558,280,281,287,800,290,295,297,810,300,301,816,305,818,308,309,311,313,827,828,829,319,321,652,845,335,337,344,350,351,352,872,873,365,879,883,373,374,894,386,388,903,396,912,401,411,412,414,927,930,923,420,935,427,943,433,951,440,447,450,966,459,462,589,976,980,469,885,472,932,986,847,480,1019,996,486,487,1001,490,1005,1006,495,496,1010,1012,1014,503,506,767
672,129,323,901,518,161,520,106,615,332,915,688,115,214,311,536,762,315,899,801
129,130,643,901,518,391,520,899,149,536,288,161,38,40,688,115,311,315,444,959,544,323,1014,801,972,332,214,730,672,915,100,486,615,1001,106,371,630,762,123,894
129,130,643,901,518,391,520,654,145,664,276,149,280,538,922,288,161,931,933,38,295,40,685,688,371,183,442,315,444,959,544,323,1014,801,972,311,332,214,856,730,672,915,735,225,100,486,615,744,1001,106,109,878,115,630,248,762,123,899,894,536
129,130,643,878,518,391,520,972,12,642,654,271,145,664,276,149,280,26,785,538,901,288,161,931,933,38,295,40,685,922,688,50,371,308,565,183,57,442,315,444,701,959,1001,544,323,324,1014,801,652,311,332,915,724,214,856,730,672,92,605,735,224,225,100,486,615,744,361,106,236,109,792,115,630,503,248,762,123,899,894,536
518,520,12,536,26,544,38,40,560,50,565,57,58,92,605,100,615,106,109,115,630,123,126,129,130,643,652,654,145,149,664,538,672,161,685,688,693,183,701,724,214,727,217,730,221,735,224,225,744,807,236,792,248,762,642,271,785,899,276,280,288,801,295,308,311,313,315,323,324,332,856,359,361,878,371,894,747,901,391,907,402,915,919,922,931,933,442,444,959,454,972,480,993,486,1001,1014,503
518,520,521,12,536,26,544,38,40,560,50,565,57,58,587,82,92,605,100,615,106,109,115,630,123,126,129,130,643,652,654,143,145,149,664,538,672,161,685,688,807,693,183,701,206,724,214,727,217,730,221,735,224,225,744,747,236,792,248,762,264,642,271,785,276,280,288,801,291,804,295,308,311,313,315,323,324,332,336,856,857,350,359,361,878,371,894,899,901,391,907,402,915,919,922,923,925,931,933,938,953,442,444,959,454,972,480,993,996,486,1001,1008,1012,1014,503
518,520,521,12,536,26,542,544,38,40,560,50,565,57,58,587,82,599,92,605,611,100,615,106,109,115,630,123,126,129,130,643,652,654,143,145,149,664,665,538,672,161,680,685,688,807,693,183,701,206,724,214,215,217,730,221,735,224,225,550,744,747,236,792,248,762,774,264,727,642,271,785,276,791,280,288,801,291,804,295,308,311,313,315,323,324,332,336,854,856,857,350,359,361,364,878,371,374,894,899,901,391,392,907,402,915,919,922,923,925,931,933,938,953,442,444,959,454,972,982,475,480,993,996,486,999,1001,1008,1012,1014,503,509
518,520,521,12,536,26,542,544,550,40,560,50,565,57,58,587,82,599,603,92,605,611,100,615,106,109,115,117,630,123,126,640,129,130,643,791,652,654,143,145,658,149,664,665,538,672,161,680,685,688,807,693,183,701,205,206,724,214,215,217,730,221,735,224,225,38,744,747,236,792,248,762,774,264,727,642,271,785,276,729,280,901,288,801,291,804,294,295,814,308,311,313,315,323,324,841,332,336,854,856,857,350,359,361,364,878,371,374,894,899,389,391,392,907,913,402,915,919,922,923,925,931,933,938,953,442,955,444,959,453,454,971,972,461,982,475,480,993,996,486,999,1001,1008,1012,1014,503,509
518,520,521,12,536,26,542,544,38,40,560,50,565,54,57,58,60,587,78,82,599,603,92,605,611,100,615,106,109,115,117,630,123,126,640,129,130,643,646,791,652,654,143,145,658,149,664,665,538,160,161,966,680,685,688,807,693,183,701,201,205,206,719,724,214,215,217,730,221,735,224,225,550,744,747,236,792,552,248,762,771,774,264,727,642,271,785,276,729,280,281,901,288,801,291,804,294,295,301,814,308,311,313,315,323,324,841,332,847,336,854,856,857,350,351,359,361,364,878,371,374,894,899,389,391,392,907,913,402,915,919,921,410,923,922,931,933,938,925,949,953,442,955,444,959,672,453,454,971,972,461,982,475,480,993,996,486,999,1001,1008,1012,1014,503,509
518,520,521,12,921,536,26,542,544,38,40,554,560,50,565,54,57,58,60,70,584,587,78,82,599,603,92,605,611,100,615,106,109,115,117,630,123,126,640,129,130,643,646,791,652,654,143,145,658,660,149,664,665,538,160,161,677,680,172,685,688,807,693,183,966,701,702,201,205,206,717,724,214,215,217,730,719,221,735,224,225,550,744,747,236,792,552,247,248,762,771,774,264,727,642,271,785,276,278,729,280,281,572,288,801,291,804,805,294,295,301,814,308,311,313,315,323,324,841,330,332,847,336,854,856,857,350,351,354,359,361,364,878,371,885,374,894,899,389,391,392,907,913,402,915,919,836,410,923,922,931,933,938,427,925,949,901,953,442,955,444,959,672,453,454,971,972,461,468,982,475,480,993,996,486,999,1001,1008,1012,1014,503,509
512,518,520,521,12,921,19,535,536,26,542,544,38,40,554,44,558,560,50,565,54,57,58,60,70,584,585,587,78,82,599,603,92,605,611,100,615,106,109,115,117,630,123,126,640,129,130,643,646,791,652,654,143,145,658,660,149,664,665,538,160,161,677,678,680,172,685,688,807,693,183,966,701,702,199,201,205,206,717,724,214,215,217,730,719,221,735,224,225,550,744,747,236,792,240,552,247,248,762,253,771,773,774,264,727,642,271,785,276,814,278,729,280,281,572,288,801,291,804,805,294,295,301,302,308,311,313,315,323,324,841,330,332,847,336,854,855,856,857,350,351,354,359,361,875,364,878,371,885,374,894,899,389,391,392,907,913,402,915,919,836,410,923,922,931,933,938,427,925,949,901,953,442,955,444,959,672,453,454,971,972,461,974,468,982,475,480,993,996,486,999,1001,495,1008,1012,1014,503,509,510
512,518,520,521,12,921,19,20,535,536,26,542,544,38,40,554,44,558,560,50,565,54,57,58,60,808,70,805,587,78,82,599,89,90,603,92,605,611,100,103,106,615,109,113,117,630,123,126,640,129,130,643,601,791,652,654,143,145,658,660,149,662,664,538,160,161,677,678,680,170,172,685,688,807,693,183,966,702,194,199,201,205,206,717,724,214,215,217,730,719,221,735,224,225,550,744,747,236,792,240,552,247,248,762,253,771,773,774,264,727,642,785,276,789,278,729,280,281,572,288,801,291,804,646,294,295,296,814,308,311,313,833,323,324,841,330,332,845,847,336,854,855,856,857,350,351,354,359,361,875,364,878,371,885,374,892,894,389,391,392,907,913,402,915,919,836,410,923,922,931,933,938,925,949,901,953,442,955,444,959,672,453,454,971,972,461,462,468,982,475,480,993,996,486,999,1001,495,1008,1012,1014,503,507,509,510
512,518,520,521,12,20,535,536,26,542,544,38,40,554,44,558,560,50,565,54,57,58,60,70,584,587,76,589,78,82,599,89,603,92,611,100,103,106,615,109,113,117,630,123,126,640,129,130,643,601,139,652,654,143,792,658,660,149,662,664,538,160,161,677,678,680,170,172,685,688,807,693,183,966,701,702,194,708,199,201,205,206,717,791,724,974,214,215,217,730,719,221,735,224,225,550,744,747,236,240,552,247,248,762,253,771,773,774,264,727,642,785,276,789,278,729,280,281,282,572,288,801,291,805,294,295,808,814,311,824,313,833,324,841,330,332,845,847,336,855,856,861,350,351,352,354,359,361,875,364,878,371,885,374,892,894,389,391,392,907,913,402,915,921,836,410,923,922,931,933,938,427,925,949,901,953,442,955,444,959,672,453,454,971,972,461,462,468,982,475,480,993,996,486,1001,492,495,1008,1012,1014,503,507,509,510
576,770,420,293,838,551,393,715,524,686,401,83,812,278,983,184,868,701,894,415
576,642,918,393,524,653,782,401,402,278,152,285,415,420,293,166,39,812,686,50,184,701,703,320,835,838,715,83,983,856,770,351,868,551,829,368,1012,894,765,510
320,642,918,393,267,524,653,782,401,402,278,152,538,285,159,672,420,293,166,39,936,551,427,812,686,50,948,184,966,415,701,703,64,833,835,838,715,83,983,856,770,93,351,96,993,738,868,359,295,365,829,368,1012,894,576,765,510,127
320,642,811,918,391,392,393,267,524,653,782,401,402,835,278,152,708,538,412,285,159,672,420,293,166,39,936,551,427,812,686,93,49,50,948,184,966,415,701,868,703,64,833,651,487,829,838,993,201,715,844,738,78,83,983,856,729,770,221,350,351,96,843,226,612,359,234,295,365,765,368,883,1012,894,576,637,510,127
524,23,538,542,39,45,49,50,61,64,76,78,83,93,96,612,102,630,637,127,642,139,653,152,159,672,966,166,686,177,184,701,703,708,200,201,715,729,221,738,233,234,551,765,770,267,782,278,285,293,295,811,812,829,320,833,835,838,843,844,226,856,350,351,868,359,365,368,883,892,894,384,576,391,392,393,401,402,918,412,415,420,936,427,948,449,454,983,993,487,1008,1012,651,510
524,23,538,542,39,45,49,50,61,64,76,78,83,600,93,96,612,102,630,637,127,642,139,653,152,157,159,672,994,677,166,684,686,797,177,184,966,187,701,703,708,200,201,715,729,221,736,226,233,234,551,753,765,770,265,267,269,782,275,278,285,293,295,811,812,829,320,833,651,838,843,844,738,856,350,351,868,359,365,368,883,372,892,894,384,576,901,391,392,393,401,402,835,918,412,415,420,936,427,948,449,454,466,983,474,993,482,995,487,1008,1012,1019,510
516,518,524,770,16,23,25,538,542,39,554,45,49,50,58,61,64,584,76,78,83,782,600,93,96,612,102,630,637,127,642,139,652,653,145,152,157,159,672,994,677,166,684,686,797,177,184,966,187,701,703,708,200,201,715,718,689,731,221,736,226,740,233,234,551,749,753,758,765,258,265,267,269,270,271,275,278,729,285,293,295,811,812,829,320,833,651,838,843,844,738,856,350,351,868,359,365,368,883,372,892,894,384,576,901,391,392,393,401,402,835,918,412,415,420,936,938,427,948,449,454,466,983,474,993,482,995,487,1008,1012,1019,510
515,516,518,524,13,16,23,25,538,542,39,40,554,45,49,50,565,58,61,64,68,581,584,76,78,83,84,782,600,770,93,96,612,101,102,785,630,637,127,130,139,652,653,145,152,157,159,672,994,677,166,684,686,797,177,694,184,966,187,701,703,708,200,201,715,718,689,731,221,736,226,740,233,234,551,749,753,758,765,258,265,267,269,270,271,273,275,278,729,285,293,295,811,812,307,829,320,833,651,838,843,844,738,642,856,857,347,350,351,868,359,365,368,883,372,892,894,384,576,901,391,392,393,401,402,835,918,412,415,1008,420,936,938,427,431,948,449,454,466,983,474,993,482,995,487,496,498,1012,1019,510
515,516,518,12,13,16,23,25,538,542,39,40,554,45,49,50,565,58,61,64,68,581,584,524,76,78,83,84,782,600,770,93,96,612,101,102,785,630,637,127,130,135,137,139,652,653,145,152,157,159,672,994,677,166,167,684,686,797,177,178,694,184,966,187,701,703,708,200,201,715,206,718,689,731,221,736,226,740,233,234,551,749,753,243,758,765,258,772,265,267,269,270,271,273,275,278,729,282,285,799,293,295,296,811,812,307,829,320,833,651,838,843,844,738,642,856,857,347,350,351,868,359,876,365,368,883,372,892,894,384,576,901,391,392,393,401,402,835,918,412,926,415,1008,420,936,938,427,431,948,449,454,466,983,474,993,482,995,678,487,496,498,1012,1018,1019,510
515,516,518,12,13,526,16,600,23,25,538,542,39,40,554,45,49,50,565,58,61,64,68,581,584,524,76,78,83,84,782,88,770,93,96,612,101,102,785,630,632,637,127,130,135,137,139,652,653,145,152,157,159,672,994,677,166,167,684,686,797,177,178,694,184,966,187,701,703,708,200,201,715,206,718,689,731,732,221,736,737,226,740,233,234,551,749,753,243,758,765,258,772,265,267,269,270,271,273,275,278,729,282,285,799,293,295,296,811,812,814,816,307,829,320,833,651,838,843,844,738,848,642,856,857,347,350,351,864,868,359,876,365,366,368,883,372,892,894,384,576,901,391,392,393,906,401,402,835,918,412,926,415,1008,420,933,424,938,427,431,948,958,449,451,454,466,983,474,993,482,995,678,487,496,936,498,1012,1018,1019,510
515,516,518,521,12,13,526,16,17,534,23,25,538,542,39,40,554,45,49,50,565,566,569,58,61,64,68,581,584,73,76,78,781,83,84,782,88,770,93,96,612,101,102,785,600,630,632,637,127,130,646,135,137,139,652,653,145,152,157,159,672,994,677,166,167,171,684,686,797,177,178,694,184,966,187,701,703,708,200,201,715,206,718,689,731,732,221,736,225,226,740,233,234,551,749,753,243,894,758,249,765,258,772,265,267,269,270,271,273,275,278,729,657,282,285,799,289,293,295,296,811,812,814,816,307,829,320,833,651,838,737,843,844,738,848,642,856,857,347,350,351,864,868,359,876,365,366,368,883,372,892,524,384,576,901,391,392,393,906,401,402,835,918,412,926,415,1008,420,933,424,938,427,431,948,958,959,449,451,454,466,561,983,474,478,993,482,995,678,487,496,936,498,1012,1014,504,1018,1019,510
515,516,518,521,12,770,14,16,17,534,23,25,538,542,34,39,40,41,554,45,559,49,50,565,566,569,58,61,64,68,581,584,73,76,78,781,593,83,84,526,88,93,96,612,101,785,600,630,637,127,669,130,646,135,137,139,652,653,656,145,147,157,159,672,966,166,167,171,684,686,797,177,178,184,187,701,703,708,710,200,201,715,206,207,718,689,731,732,221,736,225,226,740,233,234,551,749,753,243,894,758,249,765,258,772,265,267,269,270,271,784,273,275,278,729,657,282,285,799,289,293,295,296,811,812,814,816,307,314,829,320,833,651,838,737,843,844,738,848,642,856,857,858,347,350,351,864,868,359,876,365,366,368,883,889,892,524,576,391,392,393,906,401,402,403,918,412,926,415,1008,420,933,1009,424,938,427,942,431,948,958,959,449,782,451,454,561,983,474,1018,478,993,994,995,678,487,496,936,498,1012,1014,504,835,1019,510
515,516,518,521,12,770,14,527,16,17,534,23,25,538,31,34,39,41,554,45,559,49,50,565,566,569,58,61,64,68,581,584,73,78,781,593,83,84,526,88,93,96,612,101,785,600,628,630,637,127,669,130,132,646,135,137,139,652,653,656,145,147,157,159,672,966,166,167,171,684,686,687,177,178,184,187,701,708,710,200,201,206,207,718,689,731,732,221,736,225,226,740,233,551,749,751,753,243,894,758,249,765,258,772,265,267,269,270,271,784,273,278,729,657,282,285,799,913,289,293,295,296,811,812,814,816,808,314,829,320,833,651,838,737,843,844,738,848,642,856,858,347,350,351,868,359,876,365,368,883,889,892,524,576,797,391,392,393,906,911,401,402,403,918,412,926,415,1008,420,933,1009,424,938,427,942,431,948,439,958,959,449,782,451,454,561,983,474,1018,478,993,994,995,678,487,496,936,498,1012,501,1014,504,835,1019,510
260,133,455,519,729,139,780,964,776,688,648,115,116,814,982,633,440,345,785,1002
642,875,260,133,519,648,139,780,141,785,788,729,797,389,290,675,549,683,814,688,776,440,57,834,964,455,952,850,982,345,478,481,999,1000,1002,363,115,116,633,125
768,769,642,875,260,133,519,648,137,139,780,141,785,146,915,788,729,982,797,389,417,290,675,244,683,814,824,688,776,1012,952,440,57,991,317,447,834,964,455,840,330,721,850,467,86,953,345,478,549,481,867,999,1000,1002,363,882,115,116,633,125
768,769,642,683,4,133,952,519,648,137,729,139,780,141,142,785,146,915,788,278,407,260,797,389,417,290,675,244,299,814,687,688,776,1012,115,918,999,440,57,991,317,447,834,964,455,840,330,587,930,973,721,722,467,86,727,875,345,989,478,549,480,481,867,977,1000,1002,363,824,850,953,882,243,116,245,1015,633,1018,764,125,982
4,519,527,538,549,52,57,577,587,440,86,115,116,633,125,642,363,133,648,137,139,141,142,146,661,675,683,687,688,198,721,722,727,729,243,244,245,764,768,769,260,776,780,785,788,278,284,797,798,290,299,814,824,317,834,840,330,850,345,867,875,882,891,389,915,917,918,407,417,930,425,439,952,953,447,964,455,973,977,467,982,985,989,478,991,480,481,486,999,1000,1001,1002,1012,1015,1018,1021
683,4,519,527,857,538,31,549,52,57,577,580,587,952,86,113,115,116,633,125,642,875,133,648,137,139,141,142,146,659,149,675,171,687,688,707,198,721,722,727,729,740,229,243,244,245,760,764,768,769,260,776,780,784,785,788,278,217,284,797,798,290,299,814,824,317,834,840,330,850,345,859,867,363,882,891,661,389,915,917,918,407,417,930,425,432,439,440,953,447,964,455,973,977,467,982,985,989,478,991,480,481,486,999,1000,1001,1002,1012,1013,1015,504,1018,1021
683,4,519,8,527,857,538,29,31,549,557,52,57,575,577,580,587,590,952,86,609,113,115,116,633,125,642,875,133,648,137,139,141,142,144,657,146,659,149,675,171,687,688,703,707,198,721,722,727,729,225,740,229,243,244,245,760,764,768,769,260,776,780,781,784,785,788,278,217,284,797,798,290,299,814,820,824,317,834,325,840,330,850,345,859,860,867,363,882,891,661,389,915,917,918,407,410,417,930,425,942,432,439,440,953,447,964,455,973,977,467,982,985,989,478,991,480,481,486,999,1000,1001,1002,1012,1013,502,1015,504,1018,1021
683,4,519,8,527,534,857,538,29,31,32,549,555,557,520,52,57,575,577,580,587,590,952,597,86,609,113,115,116,633,125,642,875,133,647,648,137,139,141,142,143,144,657,146,659,149,675,169,171,687,688,703,544,707,709,198,721,722,727,217,731,225,740,229,243,244,245,760,764,768,769,260,776,780,781,784,785,788,278,729,284,797,798,290,805,299,814,820,824,317,832,834,325,840,330,850,345,859,860,867,363,882,967,891,661,389,915,917,918,407,410,417,930,425,942,432,439,440,953,447,964,455,973,977,467,982,985,989,478,991,480,481,486,999,1000,1001,1002,1012,1013,502,1015,504,1018,1019,508,1021
683,4,519,8,527,534,857,538,29,31,32,688,549,555,557,520,52,54,57,575,577,580,73,587,590,952,597,86,609,102,113,115,116,633,125,640,642,875,133,647,648,137,139,141,142,143,144,657,146,659,149,675,169,171,687,176,693,703,544,707,709,198,205,721,722,727,217,219,225,740,229,242,243,244,245,760,764,255,768,769,260,776,780,781,784,785,788,278,729,284,797,798,287,290,731,805,299,814,820,821,824,317,832,834,325,840,330,850,856,345,859,860,867,358,363,882,967,375,891,661,389,915,917,918,407,410,417,930,422,425,942,432,439,440,953,447,964,454,455,973,977,467,982,985,989,478,991,480,481,486,999,1000,1001,1002,1012,1013,502,1015,504,1018,1019,508,1021
683,4,519,8,527,534,857,538,29,31,32,688,549,555,557,520,52,54,57,769,575,577,580,583,73,587,590,952,84,597,86,609,102,113,115,116,633,125,640,642,875,133,647,648,137,139,141,142,143,144,657,146,659,149,150,151,675,164,169,682,171,687,176,693,190,703,544,707,709,198,205,720,721,722,803,727,217,219,225,740,229,242,243,244,245,760,764,255,768,257,260,776,780,781,784,785,788,278,729,284,797,798,287,290,731,805,299,814,820,821,824,317,832,834,325,840,330,850,856,345,859,860,864,656,867,358,363,876,882,967,375,376,891,661,389,915,917,918,407,410,417,930,422,425,427,942,432,439,440,953,447,451,964,454,455,971,973,977,467,982,985,989,478,991,480,481,486,999,1000,1001,1002,1012,1013,502,1015,504,1018,1019,508,1021
683,4,519,8,527,534,857,538,29,31,32,688,549,555,557,520,50,52,54,57,769,575,577,580,583,73,587,76,590,952,84,597,86,609,102,105,113,115,116,633,125,639,640,642,875,133,647,648,137,139,141,142,143,144,657,146,659,149,150,151,668,675,164,169,682,171,687,176,693,190,703,544,707,709,198,205,720,721,722,803,740,727,217,219,220,735,225,228,229,746,236,242,243,244,245,760,764,255,768,257,260,776,780,781,784,785,788,278,729,284,797,798,287,290,731,805,810,299,814,820,821,824,564,317,832,834,325,840,330,844,335,850,856,345,859,860,864,656,867,358,363,876,882,967,375,376,891,661,389,915,917,918,407,410,417,930,422,425,938,427,942,432,439,440,953,447,451,964,454,455,971,973,977,978,467,982,985,989,478,991,480,481,486,999,1000,1001,1002,1012,1013,502,1015,504,1018,1019,508,1021
683,4,519,8,527,528,529,534,857,538,28,29,31,32,555,557,520,50,52,54,769,575,577,580,583,73,74,587,76,590,952,84,597,86,609,100,870,102,618,113,115,116,633,125,639,640,642,875,133,647,648,137,139,141,142,143,656,146,659,149,150,151,668,675,164,682,171,687,176,693,190,703,544,707,709,198,205,720,721,722,803,740,727,217,219,220,225,228,229,746,236,637,242,243,244,245,760,764,255,768,257,260,776,780,781,784,785,788,278,729,284,797,798,287,290,731,805,807,810,299,814,820,821,824,564,317,832,834,325,840,330,844,335,850,341,856,345,859,860,864,867,358,363,876,882,883,967,375,376,891,661,387,389,393,915,404,917,918,407,410,417,930,422,425,938,427,432,439,440,953,447,451,964,454,455,971,973,976,977,978,467,982,985,986,847,989,478,991,480,481,934,486,999,1001,1002,1012,1013,502,1015,504,1018,1019,508,1021
683,4,519,8,526,527,528,529,534,857,538,28,31,32,555,557,520,50,52,54,769,575,577,580,583,73,74,587,76,590,84,597,86,605,95,609,100,870,102,618,113,115,116,633,125,639,640,642,875,133,647,648,137,139,141,142,143,656,657,146,659,149,150,151,668,675,164,168,170,171,687,176,693,703,544,707,709,198,205,720,721,722,740,215,217,219,220,225,228,229,746,236,637,242,243,244,245,760,764,255,768,257,260,776,727,780,781,645,784,788,278,729,284,797,798,287,800,290,731,805,807,810,299,820,821,824,564,315,317,832,834,325,840,330,844,335,850,341,856,345,859,861,867,358,363,876,882,883,375,376,891,661,389,904,393,915,404,917,918,407,410,417,930,420,422,425,427,432,439,952,953,447,451,964,454,455,971,976,977,466,467,982,985,986,847,988,989,478,991,480,481,934,486,999,1001,1002,1021,1012,1013,502,1015,504,1018,682
864,225,514,635,292,453,641,840,489,12,461,770,790,947,340,278,674,730,123,124
641,514,726,903,12,770,783,145,405,278,417,674,292,933,38,39,40,892,42,812,817,790,947,453,840,461,975,720,340,598,727,730,864,225,123,489,628,635,124,661
896,641,514,726,903,907,12,770,783,145,147,405,278,922,539,947,161,674,675,292,933,38,39,40,892,42,812,818,817,790,307,628,453,417,840,1019,461,975,720,84,341,598,727,89,730,349,864,225,635,806,657,489,423,116,545,340,123,124,637,661
896,641,514,726,903,996,727,12,770,783,145,147,405,278,657,922,539,947,414,160,161,674,667,292,677,38,39,40,892,42,683,812,557,628,790,307,821,313,65,907,453,417,840,761,1019,461,975,720,953,817,675,84,341,598,544,984,89,730,349,933,864,225,635,100,806,273,818,489,423,637,116,545,340,123,124,298,661
514,519,12,528,539,544,545,38,39,40,553,42,557,63,65,71,592,84,598,89,100,628,120,635,124,637,129,790,135,136,145,147,661,667,160,161,674,675,677,683,689,116,720,726,727,730,225,123,244,759,761,770,641,783,273,278,799,292,806,298,812,817,818,307,821,311,313,833,840,340,341,349,864,657,892,896,903,907,404,405,922,414,417,933,423,947,953,442,453,461,975,984,80,996,489,1019
514,519,12,526,528,539,544,545,38,39,40,553,42,557,63,65,71,592,84,598,87,89,100,110,628,120,634,635,636,637,129,790,135,136,649,145,147,661,152,667,671,160,161,674,675,677,683,689,116,703,709,720,726,727,729,730,225,123,124,244,759,761,764,768,770,641,783,273,278,799,288,801,292,806,298,812,817,818,307,821,311,313,833,840,340,341,349,864,657,375,892,895,896,390,903,907,404,405,922,414,417,933,423,947,953,442,453,461,975,984,80,996,489,1019,508
514,515,519,12,526,528,539,544,545,38,39,40,553,42,557,63,65,579,71,72,592,84,598,87,89,100,109,110,115,628,631,120,634,635,636,637,129,790,135,136,649,139,145,147,661,152,667,671,160,161,674,675,677,683,689,116,703,709,720,721,124,727,729,730,225,123,233,244,759,761,764,768,770,726,641,783,273,278,799,288,801,292,806,298,812,814,817,818,307,821,311,313,833,840,331,340,341,342,349,864,865,870,657,875,375,892,895,896,390,903,907,404,405,922,414,417,933,423,947,953,442,453,461,975,464,984,80,1019,996,489,507,508,853
514,515,519,12,526,528,539,544,545,38,39,40,553,42,557,63,65,579,71,72,592,84,598,87,89,954,100,109,110,115,628,631,120,634,635,636,637,638,129,130,790,135,136,649,139,145,147,661,152,665,667,671,160,161,674,675,677,683,689,116,703,709,720,721,124,727,729,730,225,123,743,233,244,759,761,764,768,770,726,641,783,273,278,280,799,288,801,292,806,298,812,814,817,818,307,308,309,311,313,821,833,834,840,331,340,341,342,349,864,865,870,657,872,875,373,375,892,895,896,390,903,907,404,405,922,414,417,933,423,947,438,953,442,961,453,461,975,464,984,80,1019,996,489,497,507,508,510,853
514,515,519,12,526,528,19,539,544,545,38,39,40,553,42,557,63,65,579,69,71,72,80,84,598,87,600,89,954,100,620,109,110,115,116,631,120,634,123,124,637,126,129,130,790,135,136,649,139,653,145,147,661,152,665,667,671,160,161,674,675,677,683,689,628,703,709,720,721,726,727,729,730,806,225,635,229,743,233,244,638,759,761,764,768,896,770,641,778,783,273,278,280,799,288,801,292,294,298,811,812,814,817,818,307,308,309,311,313,821,833,834,840,331,340,341,342,349,864,865,870,657,872,874,875,373,375,892,895,384,390,903,394,907,404,405,922,414,417,933,423,947,438,953,442,636,961,450,453,461,975,464,984,592,1019,996,489,497,503,507,508,510,853
514,515,519,12,526,528,19,539,29,544,545,38,39,40,553,42,557,63,65,579,69,71,72,80,81,84,598,87,600,89,603,954,100,870,102,620,109,110,115,116,631,120,634,123,124,637,126,129,130,790,135,136,649,139,653,145,146,147,661,152,665,667,671,160,161,674,675,677,683,689,628,703,709,720,721,726,727,729,730,806,225,635,229,743,233,979,244,638,759,761,895,764,768,769,770,774,641,778,783,273,278,280,799,288,801,896,292,294,298,811,812,818,814,815,817,306,307,308,309,311,313,821,833,834,840,331,340,341,342,860,349,352,864,358,657,872,874,875,373,375,892,865,384,390,903,394,907,404,405,922,414,417,933,423,947,438,953,442,956,636,961,450,453,929,461,975,464,467,984,592,1019,996,489,497,503,1016,507,508,510,853
514,515,519,12,526,528,19,539,29,544,545,38,39,40,553,42,557,574,63,65,579,69,71,72,80,81,84,598,87,600,89,603,954,611,100,870,102,620,109,110,115,116,631,120,634,123,124,637,126,129,130,790,135,136,649,650,139,653,144,145,146,147,661,152,665,667,671,160,161,674,675,677,683,689,628,703,709,720,721,726,727,729,730,806,225,635,229,743,233,979,244,638,759,761,895,764,768,769,770,774,641,778,783,273,278,280,799,288,801,896,292,294,298,811,812,818,814,815,817,306,307,308,309,311,313,821,833,834,840,331,340,341,342,860,349,352,864,358,657,872,874,875,1000,373,375,892,865,384,390,903,394,907,404,405,922,411,414,417,933,934,423,424,947,949,438,953,442,956,636,961,450,453,929,461,975,464,467,980,469,984,478,592,1019,996,488,489,1009,497,503,1016,507,508,510,853
514,515,519,526,528,19,534,601,539,29,544,545,38,39,40,553,42,557,48,567,574,65,579,69,71,72,80,81,84,598,87,600,89,603,611,100,870,102,620,110,115,116,631,120,634,123,124,637,126,129,130,790,646,135,136,649,650,139,653,144,145,146,147,661,152,665,667,156,671,160,161,674,675,677,683,689,628,701,703,706,709,201,720,721,726,727,729,730,638,806,225,635,229,743,233,979,245,761,895,764,768,769,770,774,641,778,783,273,278,280,799,288,801,896,292,294,298,811,812,818,814,815,817,306,307,308,309,311,313,821,833,834,840,331,340,341,342,860,349,352,864,358,657,872,874,875,658,1000,371,373,375,377,892,865,384,390,903,394,907,404,405,922,411,414,417,418,933,934,423,424,947,949,438,953,442,956,636,961,450,453,929,461,975,464,467,980,469,984,478,592,994,1019,996,488,489,1007,1009,497,503,1016,507,508,510,853
514,515,519,526,528,19,534,601,539,29,544,38,39,40,553,42,557,48,567,574,65,579,69,71,72,76,80,81,84,598,87,600,89,603,806,611,100,870,102,871,620,110,115,116,631,634,123,124,637,126,129,130,790,646,135,136,649,139,653,144,145,146,147,661,152,665,667,156,671,160,161,674,675,677,683,689,184,628,700,701,703,706,709,201,720,721,726,727,729,730,638,224,225,635,229,743,233,245,760,761,762,764,768,769,770,774,641,783,273,278,280,799,288,801,896,292,294,298,811,812,818,815,817,306,307,308,309,311,313,821,833,834,840,331,341,342,858,860,349,351,352,864,358,657,872,874,875,658,371,375,377,892,382,895,384,390,903,394,907,531,405,922,411,414,417,418,933,934,423,424,940,947,438,953,442,956,636,961,450,453,929,461,975,464,979,980,469,984,478,592,994,1019,996,488,489,1009,497,499,503,1016,507,508,510,853
672,321,930,931,420,359,105,330,108,750,335,673,698,489,856,153,410,316,666,382
513,856,916,750,279,153,410,666,672,673,930,700,420,818,182,568,698,827,316,64,321,1014,330,631,335,824,931,85,728,989,359,360,489,108,493,366,374,105,632,382
0,513,770,387,750,397,856,916,366,279,153,410,666,926,672,673,930,700,420,933,169,824,818,182,695,568,313,698,827,316,64,321,69,326,330,631,335,721,82,931,85,728,989,351,98,489,553,870,359,360,105,108,493,110,370,374,297,632,1014,382
0,513,770,259,750,779,268,397,856,387,916,149,279,153,282,623,410,926,672,673,930,667,420,421,666,551,169,824,560,818,691,182,695,568,313,698,827,316,931,64,321,835,69,326,328,330,631,76,335,721,82,339,85,728,989,1014,351,97,98,489,553,766,359,360,105,870,108,493,110,495,700,370,366,374,297,632,933,253,382
0,513,23,551,553,555,560,568,64,69,76,82,85,97,98,105,108,110,623,114,631,632,656,149,153,154,667,672,673,165,169,691,182,695,698,700,704,721,728,750,243,253,766,770,259,264,779,268,273,277,279,282,285,297,812,818,824,313,826,827,316,832,321,835,326,328,330,335,339,856,349,351,864,870,359,360,366,370,374,382,387,393,397,916,410,666,926,930,931,420,421,989,933,489,493,495,254,1014,503
0,513,23,551,553,555,560,568,64,69,76,82,84,85,97,98,611,615,105,108,110,623,114,631,632,656,149,153,154,667,672,673,165,169,687,691,182,695,698,700,704,712,721,728,739,750,239,243,253,254,770,259,264,779,268,272,273,277,279,282,285,297,812,818,905,824,313,826,827,316,317,832,321,834,835,326,328,330,335,339,856,349,351,864,870,359,360,876,366,370,374,1001,382,387,393,397,916,410,412,666,926,416,930,931,420,421,765,452,989,478,933,489,493,495,766,1014,503,504
0,513,23,551,553,555,560,54,568,64,69,76,590,82,84,85,97,98,611,615,105,108,110,623,114,631,632,656,149,153,154,667,672,673,165,168,169,687,691,182,695,698,700,701,704,193,712,721,728,735,739,228,743,236,750,239,243,253,254,770,259,264,779,268,272,273,277,279,792,282,285,297,812,818,905,824,313,826,827,316,317,832,321,834,835,326,327,328,330,335,849,339,856,349,351,864,870,359,360,876,366,370,374,1001,382,387,393,397,913,916,410,412,666,926,416,930,931,420,421,942,765,452,455,456,1015,989,478,933,489,493,495,766,1014,503,504
0,513,9,23,551,553,555,560,54,568,64,69,70,76,590,591,82,84,85,93,97,98,611,615,105,108,110,623,114,631,632,125,656,145,149,153,154,667,672,673,165,168,169,687,691,182,695,698,700,701,704,193,712,205,721,725,728,735,739,228,743,236,750,239,243,253,254,770,259,264,779,268,272,273,277,279,792,282,795,285,297,812,302,817,818,905,824,313,826,827,316,317,832,321,834,835,326,327,328,330,335,849,339,856,349,351,864,870,359,360,876,366,370,1015,374,1001,382,387,390,833,393,397,913,916,410,412,666,926,416,930,931,420,421,942,956,765,452,455,456,971,989,478,933,489,493,495,766,1014,503,504
0,513,518,9,23,26,35,38,551,553,555,560,561,54,568,574,64,69,70,76,590,591,82,84,85,93,97,98,611,615,105,108,110,623,114,631,632,125,705,656,145,149,151,153,154,667,672,673,165,168,169,687,691,182,695,698,187,700,701,704,193,195,712,205,719,721,725,728,735,739,228,743,233,236,750,239,243,253,254,769,770,259,772,264,779,268,272,273,277,279,792,282,795,285,286,297,298,812,302,817,818,905,824,313,826,827,316,317,832,321,834,835,326,327,328,330,335,849,339,856,349,351,864,870,359,360,876,366,370,1015,374,1001,892,382,387,390,833,393,397,913,916,410,412,666,926,416,930,931,420,421,942,956,765,452,455,456,971,986,989,478,933,999,489,493,495,766,1014,503,504
0,513,518,520,9,23,26,542,35,38,551,553,555,560,561,565,54,568,574,64,69,70,76,590,591,82,84,85,87,93,97,98,611,615,105,108,110,623,114,631,632,125,705,656,145,149,151,664,153,154,667,672,673,165,168,169,687,691,182,695,698,187,700,701,704,193,195,712,205,719,721,725,728,735,739,228,743,233,826,236,750,239,243,251,253,254,768,769,770,259,772,264,779,268,272,273,277,279,792,282,795,796,285,286,297,298,812,302,817,818,905,824,313,314,827,316,317,832,321,834,835,326,327,328,330,335,849,339,856,349,351,864,870,359,360,876,366,370,1015,374,1001,892,382,387,390,833,393,397,913,403,916,410,412,666,926,416,930,931,420,421,942,437,438,955,956,765,452,455,456,971,472,986,989,478,933,486,999,489,493,495,766,1014,503,504
0,513,518,520,9,23,26,542,35,38,551,40,553,554,555,560,561,565,54,568,574,64,69,70,72,587,76,590,591,82,84,85,87,93,97,98,611,615,105,108,110,623,872,114,631,632,125,705,656,145,149,151,664,153,154,667,157,672,673,165,168,169,687,691,182,695,698,187,700,701,704,193,195,708,712,205,207,721,725,728,719,735,739,228,742,743,233,826,236,750,239,243,251,253,254,768,769,770,259,772,264,779,268,272,273,277,279,792,282,795,796,285,286,296,297,298,812,302,817,818,905,824,313,314,827,316,317,832,321,834,835,326,327,328,330,335,849,339,856,349,351,864,870,359,360,876,366,370,1015,374,1001,892,382,387,390,833,393,397,913,403,916,410,412,666,926,416,930,931,420,421,839,942,945,437,438,951,955,956,765,452,965,455,456,971,472,986,989,478,933,993,486,999,489,493,495,766,1014,503,504
0,513,518,520,9,23,26,542,35,38,551,553,554,555,560,561,691,565,54,568,574,64,69,70,72,587,76,590,82,84,85,87,93,97,98,611,615,105,108,110,623,872,114,631,632,125,705,656,145,149,151,664,153,154,667,157,672,673,165,168,169,687,179,182,695,698,187,700,701,704,193,195,708,886,712,207,721,725,727,728,719,735,739,228,742,231,233,747,236,750,239,243,826,251,253,254,255,768,769,770,259,772,779,268,272,273,277,279,792,282,795,796,285,286,288,296,297,298,812,302,743,817,818,905,824,313,314,827,316,317,321,834,835,566,326,327,328,330,335,849,339,856,349,351,864,870,359,360,363,876,366,370,1015,374,1001,892,382,387,390,833,393,397,913,403,916,410,412,666,926,416,930,420,421,938,839,942,986,945,437,438,955,956,765,452,965,455,456,971,472,474,989,478,933,993,763,486,999,489,493,495,766,1014,503,504
0,513,518,520,9,23,26,542,35,38,551,553,555,560,561,691,565,54,568,574,64,69,70,72,587,76,590,82,84,85,87,93,97,98,611,870,615,106,871,108,110,623,872,114,631,632,705,656,145,149,151,664,153,154,667,157,672,673,165,168,169,687,179,182,695,698,187,700,701,704,193,195,708,712,207,721,725,727,728,719,735,226,739,228,742,231,233,747,236,750,239,243,826,251,253,254,255,768,769,770,259,772,878,779,268,272,273,277,279,792,282,795,284,285,286,288,296,297,298,812,302,743,817,818,310,905,824,313,314,827,316,317,321,834,835,566,326,327,328,330,335,339,856,349,350,351,864,796,359,360,362,363,876,366,370,1015,374,1001,382,387,390,393,397,814,913,403,916,410,412,666,926,416,930,420,421,938,839,942,986,945,437,438,955,956,765,452,965,971,472,474,989,478,933,993,763,486,999,489,493,495,766,1014,503,504
