"step","data","prediction"
"int","float","float"
"","",""
"1","0","0"
"2","0.198751036363662","0"
"3","0.389571911049739","0"
"4","0.564848875645117","0"
"5","0.717588383383808","0"
"6","0.841696131498473","0"
"7","0.932220223757541","0"
"8","0.98554875100841","0"
"9","0.999553906267708","0"
"10","0.973676884169898","0"
"11","0.908950177288226","0"
"12","0.807956379705321","0"
"13","0.674725141570026","0"
"14","0.514572386151213","0"
"15","0.333888204624346","0"
"16","0.139881891583835","0"
"17","-0.0597057056417632","0"
"18","-0.256911046616143","0"
"19","-0.443865642871407","0"
"20","-0.613110010412921","0"
"21","-0.757891302955299","0"
"22","-0.87243275033041","0"
"23","-0.952164151481254","0"
"24","-0.993904225376673","0"
"25","-0.995987544049694","0"
"26","-0.958330983134249","0"
"27","-0.882437038525429","0"
"28","-0.771333876828595","0"
"29","-0.629454511583031","0"
"30","-0.46245992612596","0"
"31","-0.277013200490499","0"
"32","-0.0805136546690052","0"
"33","0.119198384080626","0"
"34","0.314154410108207","0"
"35","0.496575682559329","0"
"36","0.659183596952548","0"
"37","0.79549010132705","0"
"38","0.900056569363331","0"
"39","0.968710801445462","0"
"40","0.998713495327666","0"
"41","0.988867544229509","0"
"42","0.939565801368296","0"
"43","0.852775405124934","0"
"44","0.731959290268791","0"
"45","0.581938016941822","0"
"46","0.408697430422252","0"
"47","0.219149826038727","0"
"48","0.0208581487492285","0"
"49","-0.178265768184919","0"
"50","-0.370276885160132","0"
"51","-0.547513963123948","0"
"52","-0.702905246833068","0"
"53","-0.830250627721286","0"
"54","-0.924469028085493","0"
"55","-0.981801135966557","0"
"56","-0.999959401608102","0"
"57","-0.978219310637992","0"
"58","-0.917448292174751","0"
"59","-0.820071108426124","0"
"60","-0.689973106734008","0"
"61","-0.532345194306862","0"
"62","-0.35347672114415","0"
"63","-0.160504535119251","0"
"64","0.0388717780828895","0"
"65","0.236697108253533","0"
"66","0.425078229370428","0"
"67","0.596498739130506","0"
"68","0.744118963225028","0"
"69","0.862048858183686","0"
"70","0.945583023970569","0"
"71","0.991388449334959","0"
"72","0.99763749888186","0"
"73","0.964080835681288","0"
"74","0.892057369805913","0"
"75","0.784440835850639","0"
"76","0.645525130989847","0"
"77","0.480852988581092","0"
"78","0.296994823234471","0"
"79","0.101286571424171","0"
"80","-0.098463012204355","0"
"81","-0.294283923961134","0"
"82","-0.478362914071497","0"
"83","-0.643355235158378","0"
"84","-0.782677697489949","0"
"85","-0.890771338095136","0"
"86","-0.963323223255445","0"
"87","-0.997438534458927","0"
"88","-0.991756071590734","0"
"89","-0.94650256478569","0"
"90","-0.863483627901251","0"
"91","-0.746011714567044","0"
"92","-0.598773951362931","0"
"93","-0.427645121578686","0"
"94","-0.239453261498871","0"
"95","-0.0417072219156256","0"
"96","0.157702934841372","0"
"97","0.350820748206344","0"
"98","0.529940821966891","0"
"99","0.687916269391702","0"
"100","0.81844387384308","0"
"101","0.916315586972569","0"
"102","0.977626329727606","0"
"103","0.999929804913893","0"
"104","0.982336104395928","0"
"105","0.925547216410691","0"
"106","0.831829016253488","0"
"107","0.704920857906953","0"
"108","0.549886373905061","0"
"109","0.372911436514091","0"
"110","0.181057341574645","0"
"111","-0.0180209370363416","0"
"112","-0.216380180683312","0"
"113","-0.406105860208867","0"
"114","-0.579627925461042","0"
"115","-0.730022850116383","0"
"116","-0.851289880217446","0"
"117","-0.938590464114606","0"
"118","-0.988441310563107","0"
"119","-0.998853371961819","0"
"120","-0.969411207305757","0"
"121","-0.901289558272411","0"
"122","-0.797206477056434","0"
"123","-0.661314876150989","0"
"124","-0.499036827236926","0"
"125","-0.316847220650193","0"
"126","-0.122015417409693","0"
"127","0.0776847981164479","0"
"128","0.274285392024382","0"
"129","0.459942005239942","0"
"130","0.627246943261259","0"
"131","0.7695247429952","0"
"132","0.881098523577824","0"
"133","0.957516493787372","0"
"134","0.995729578409333","0"
"135","0.994213076265813","0"
"136","0.953027495756679","0"
"137","0.873816140575832","0"
"138","0.759739541932453","0"
"139","0.615349353430078","0"
"140","0.446406740194837","0"
"141","0.259652508522391","0"
"142","0.0625381478652321","0"
"143","-0.137071483421262","0"
"144","-0.331211965742272","0"
"145","-0.512137098418107","0"
"146","-0.672627972909176","0"
"147","-0.806281007096983","0"
"148","-0.907763448060079","0"
"149","-0.973026148790243","0"
"150","-0.999465129062889","0"
"151","-0.986025474186813","0"
"152","-0.933243426075557","0"
"153","-0.843224987207673","0"
"154","-0.719561891177342","0"
"155","-0.567188292608429","0"
"156","-0.392183894501","0"
"157","-0.201531368224583","0"
"158","-0.00283774509470599","0"
"159","0.195969103997725","0"
"160","0.386956790448559","0"
"161","0.562504910059189","0"
"162","0.7156090969849","0"
"163","0.840160497767357","0"
"164","0.931189514443984","0"
"165","0.985064091389784","0"
"166","0.999634634251402","0"
"167","0.974319778711262","0"
"168","0.910129586910174","0"
"169","0.809625245991668","0"
"170","0.676816876795192","0"
"171","0.517003530128892","0"
"172","0.336561754767","0"
"173","0.14269117330363","0"
"174","-0.0568727826193841","0"
"175","-0.254167515853168","0"
"176","-0.441320971180762","0"
"177","-0.610865730135235","0"
"178","-0.756036960820875","0"
"179","-0.871042334546816","0"
"180","-0.951293139605557","0"
"181","-0.993587370762235","0"
"182","-0.99623748918818","0"
"183","-0.959137755220511","0"
"184","-0.883768447372193","0"
"185","-0.773136799254185","0"
"186","-0.631657011025054","0"
"187","-0.464974122908474","0"
"188","-0.279738778220992","0"
"189","-0.0833418628601262","0"
"190","0.116380390869209","0"
"191","0.311459069739363","0"
"192","0.494110539050404","0"
"193","0.657047009471583","0"
"194","0.793767319664292","0"
"195","0.89881633246662","0"
"196","0.968002594737811","0"
"197","0.99856557624006","0"
"198","0.989285814730065","0"
"199","0.940533572473876","0"
"200","0.854254062791184","0"
"201","0.733889836089593","0"
"202","0.584243422184323","0"
"203","0.41128570947148","0"
"204","0.221917706621482","0"
"205","0.023695192495335","0"
"206","-0.17547275925422","0"
"207","-0.367639352035497","0"
"208","-0.545137143315039","0"
"209","-0.700883975394368","0"
"210","-0.828665553335676","0"
"211","-0.923383395183685","0"
"212","-0.981258261275809","0"
"213","-0.999980945815808","0"
"214","-0.978804414130772","0"
"215","-0.918573609337001","0"
"216","-0.821691739129529","0"
"217","-0.692024387851612","0"
"218","-0.534745279770301","0"
"219","-0.356129847599868","0"
"220","-0.163304842884053","0"
"221","0.0360360212229803","0"
"222","0.233939048930541","0"
"223","0.422507914086498","0"
"224","0.594218723405021","0"
"225","0.74222021963183","0"
"226","0.860607146547493","0"
"227","0.94465586855177","0"
"228","0.99101284361296","0"
"229","0.997828429516138","0"
"230","0.964830684544026","0"
"231","0.893336217945117","0"
"232","0.786197657255626","0"
"233","0.647689828527869","0"
"234","0.483339190871277","0"
"235","0.299703330863905","0"
"236","0.10410931500212","0"
"237","-0.0956386600802716","0"
"238","-0.291570654874264","0"
"239","-0.475868987394602","0"
"240","-0.64118015850723","0"
"241","-0.780908256371781","0"
"242","-0.88947813316896","0"
"243","-0.962557853367406","0"
"244","-0.997231537849564","0"
"245","-0.992115707419891","0"
"246","-0.947414483592242","0"
"247","-0.864911444146256","0"
"248","-0.747898458415903","0"
"249","-0.601044341780433","0"
"250","-0.430208570040564","0"
"251","-0.242207486471764","0"
"252","-0.0445423298878846","0"
"253","0.154900064611184","0"
"254","0.348161950174497","0"
"255","0.527532182112347","0"
"256","0.685853892388017","0"
"257","0.816810048484212","0"
"258","0.915175502851919","0"
"259","0.977025476174777","0"
"260","0.999892155971517","0"
"261","0.982863162255921","0"
"262","0.92661795147683","0"
"263","0.833400706221814","0"
"264","0.706930792384681","0"
"265","0.552254356553796","0"
"266","0.375542984881821","0"
"267","0.183847456943385","0"
"268","-0.015183580204209","0"
"269","-0.213608792858666","0"
"270","-0.403511019700752","0"
"271","-0.57731316634472","0"
"272","-0.728080531226159","0"
"273","-0.849797500031375","0"
"274","-0.937607568567018","0"
"275","-0.988007117163241","0"
"276","-0.99898520501612","0"
"277","-0.970103806678457","0"
"278","-0.902515289264827","0"
"279","-0.798916433030787","0"
"280","-0.663440829904116","0"
"281","-0.501493953264058","0"
"282","-0.319537479680629","0"
"283","-0.12483146817137","0"
"284","0.0748553159827063","0"
"285","0.271555374789174","0"
"286","0.457420380526768","0"
"287","0.625034323836875","0"
"288","0.767709412322618","0"
"289","0.879752913308192","0"
"290","0.95669429373881","0"
"291","0.995463594344445","0"
"292","0.994513920942534","0"
"293","0.953883165479485","0"
"294","0.875192494142898","0"
"295","0.761581662868821","0"
"296","0.617583741153696","0"
"297","0.448944242688071","0"
"298","0.262391879495432","0"
"299","0.065370086480661","0"
"300","-0.134259971447605","0"
"301","-0.328533059672035","0"
"302","-0.509697686540494","0"
"303","-0.670525387700752","0"
"304","-0.804599141658119","0"
"305","-0.906569408782244","0"
"306","-0.972367577812542","0"
"307","-0.999368303351851","0"
"308","-0.986494257086031","0"
"309","-0.934259113158375","0"
"310","-0.844747052583366","0"
"311","-0.721529604473214","0"
"312","-0.569523142110236","0"
"313","-0.394792719768527","0"
"314","-0.204310077190991","0"
"315","-0.00567546733758015","0"
"316","0.193185593529158","0"
"317","0.384338553756538","0"
"318","0.560156414726169","0"
"319","0.713624047919438","0"
"320","0.8386180983805","0"
"321","0.930151306434992","0"
"322","0.984571499233811","0"
"323","0.999707312363883","0"
"324","0.97495482723722","0"
"325","0.911301667428358","0"
"326","0.811287592516957","0"
"327","0.678903161740317","0"
"328","0.519430510773605","0"
"329","0.339232594640637","0"
"330","0.145499305958027","0"
"331","-0.0540394016111014","0"
"332","-0.251421938326601","0"
"333","-0.43877274561467","0"
"334","-0.608616530669792","0"
"335","-0.754176530461861","0"
"336","-0.869644904421805","0"
"337","-0.950414467143689","0"
"338","-0.99326251497407","0"
"339","-0.996479411812029","0"
"340","-0.959936803549373","0"
"341","-0.885092739396531","0"
"342","-0.774933495753368","0"
"343","-0.633854423851018","0"
"344","-0.467484575341126","0"
"345","-0.282462103267292","0"
"346","-0.0861693999147689","0"
"347","0.113561460468213","0"
"348","0.30876122124875","0"
"349","0.491641416561494","0"
"350","0.654905130913627","0"
"351","0.792038145941396","0"
"352","0.897568857569671","0"
"353","0.967286592885862","0"
"354","0.998409615890166","0"
"355","0.989696118696523","0"
"356","0.941493769638069","0"
"357","0.855725841308839","0"
"358","0.735814472032466","0"
"359","0.586544122623546","0"
"360","0.413870676513619","0"
"361","0.224683800142343","0"
"362","0.0265320454284823","0"
"363","-0.172678337274128","0"
"364","-0.364998858379753","0"
"365","-0.542755933618414","0"
"366","-0.698857059867772","0"
"367","-0.827073805860966","0"
"368","-0.922290326447669","0"
"369","-0.98070748469535","0"
"370","-0.999994437363519","0"
"371","-0.979381635494215","0"
"372","-0.919691529397348","0"
"373","-0.823305752902662","0"
"374","-0.69407009622592","0"
"375","-0.537141059029765","0"
"376","-0.358780106208371","0"
"377","-0.166103835585426","0"
"378","0.0331999741717152","0"
"379","0.231179105740037","0"
"380","0.419934196425154","0"
"381","0.591933922547014","0"
"382","0.740315499077677","0"
"383","0.859158504602511","0"
"384","0.943721105995499","0"
"385","0.990629257449422","0"
"386","0.998011324824234","0"
"387","0.965572763805265","0"
"388","0.894607872214427","0"
"389","0.787948147557556","0"
"390","0.649849310340536","0"
"391","0.485821500921138","0"
"392","0.302409425038334","0"
"393","0.106931220207179","0"
"394","-0.092813537795905","0"
"395","-0.2888550378233","0"
"396","-0.473371228633529","0"
"397","-0.638999918551888","0"
"398","-0.779132526745117","0"
"399","-0.888177765441322","0"
"400","-0.961784732180559","0"
"401","-0.997016510720676","0"
"402","-0.992467353926352","0"
"403","-0.948318773046714","0"
"404","-0.866332295420764","0"
"405","-0.749779179578005","0"
"406","-0.603309892099991","0"
"407","-0.432768554113093","0"
"408","-0.244959760992957","0"
"409","-0.0473770791690676","0"
"410","0.152095946999668","0"
"411","0.345500348459433","0"
"412","0.525119294139563","0"
"413","0.683785992330899","0"
"414","0.81516964550641","0"
"415","0.914028048993684","0"
"416","0.976416754818069","0"
"417","0.999846455084154","0"
"418","0.983382305302237","0"
"419","0.927681224661481","0"
"420","0.834965684969734","0"
"421","0.708935034080632","0"
"422","0.554617892001231","0"
"423","0.378171509071957","0"
"424","0.186636091822847","0"
"425","-0.0123461011015342","0"
"426","-0.210835684882277","0"
"427","-0.400912929793681","0"
"428","-0.574993758233169","0"
"429","-0.72613234923925","0"
"430","-0.848298276584579","0"
"431","-0.936617122640606","0"
"432","-0.987564967526388","0"
"433","-0.999108993428941","0"
"434","-0.97078859398619","0"
"435","-0.903733752469995","0"
"436","-0.800619955480159","0"
"437","-0.665561441092004","0"
"438","-0.503947040853943","0"
"439","-0.32222516553535","0"
"440","-0.127646513688527","0"
"441","0.0720252310530706","0"
"442","0.268823170769199","0"
"443","0.454895072292601","0"
"444","0.622816671127688","0"
"445","0.765887899429367","0"
"446","0.878400218552482","0"
"447","0.955864389609586","0"
"448","0.995189593996951","0"
"449","0.994806756984193","0"
"450","0.954731153759118","0"
"451","0.876561799948092","0"
"452","0.763417650930134","0"
"453","0.619813155590664","0"
"454","0.451478129917082","0"
"455","0.265129137475624","0"
"456","0.0682014986829793","0"
"457","-0.131447378303449","0"
"458","-0.325851507986354","0"
"459","-0.507254170162501","0"
"460","-0.668417402876478","0"
"461","-0.80291079693248","0"
"462","-0.905368069070092","0"
"463","-0.971701176540151","0"
"464","-0.999263429914314","0"
"465","-0.986955095931042","0"
"466","-0.935267276826856","0"
"467","-0.846262315368645","0"
"468","-0.72349150742579","0"
"469","-0.571853405348438","0"
"470","-0.397398365843939","0"
"471","-0.207087140886465","0"
"472","-0.00851314387697115","0"
"473","0.190400527373041","0"
"474","0.381717222057845","0"
"475","0.557803408558047","0"
"476","0.711633252172661","0"
"477","0.83706894575855","0"
"478","0.929105608091069","0"
"479","0.984070978507239","0"
"480","0.99977194001989","0"
"481","0.975582024633849","0"
"482","0.912466409404227","0"
"483","0.812943405894626","0"
"484","0.680983979604945","0"
"485","0.521853308541321","0"
"486","0.341900702737465","0"
"487","0.148306266933666","0"
"488","-0.0512055854335924","0"
"489","-0.248674336146085","0"
"490","-0.436220986693529","0"
"491","-0.606362430128969","0"
"492","-0.752310026859945","0"
"493","-0.868240471208632","0"
"494","-0.949528141171427","0"
"495","-0.992929660628179","0"
"496","-0.996713309973084","0"
"497","-0.960728121686243","0"
"498","-0.88640990393417","0"
"499","-0.776723951857691","0"
"500","-0.636046732365562","0"
"501","-0.469991263207697","0"
"502","-0.28518315369898","0"
"503","-0.0889962430633174","0"
"504","0.110741615577976","0"
"505","0.306060886361612","0"
"506","0.489168334975973","0"
"507","0.652757978526835","0"
"508","0.790302594083086","0"
"509","0.896314154718165","0"
"510","0.966562801655441","0"
"511","0.998245615533905","0"
"512","0.990098452824778","0"
"513","0.942446385128587","0"
"514","0.857190728825946","0"
"515","0.737733182598665","0"
"516","0.588840099732368","0"
"517","0.41645231073242","0"
"518","0.227448084326486","0"
"519","0.0293686847040036","0"
"520","-0.169882524747595","0"
"521","-0.362355425456292","0"
"522","-0.540370353209514","0"
"523","-0.696824516575667","0"
"524","-0.825475398115197","0"
"525","-0.921189830679718","0"
"526","-0.980148810660486","0"
"527","-0.999999876142591","0"
"528","-0.979950970080068","0"
"529","-0.920802043353394","0"
"530","-0.824913136748158","0"
"531","-0.696110215383243","0"
"532","-0.5395325127925","0"
"533","-0.361427475627615","0"
"534","-0.168901490683586","0"
"535","0.030363659767245","0"
"536","0.228417300907318","0"
"537","0.417357097112071","0"
"538","0.589644354955575","0"
"539","0.738404816900922","0"
"540","0.857702944014377","0"
"541","0.942778743829232","0"
"542","0.990237693933289","0"
"543","0.998186183333327","0"
"544","0.966307067489181","0"
"545","0.895872322373439","0"
"546","0.789692292660062","0"
"547","0.652003559037952","0"
"548","0.48829989874109","0"
"549","0.305113083966068","0"
"550","0.109752264315078","0"
"551","-0.0899876681014273","0"
"552","-0.286137094676621","0"
"553","-0.470869657902279","0"
"554","-0.636814532849412","0"
"555","-0.777350522909571","0"
"556","-0.886870245383849","0"
"557","-0.961003865920695","0"
"558","-0.996793454803836","0"
"559","-0.992811008278373","0"
"560","-0.949215425867025","0"
"561","-0.867746170282928","0"
"562","-0.751653862908263","0"
"563","-0.605570584077544","0"
"564","-0.435325053181182","0"
"565","-0.247710062898902","0"
"566","-0.0502114469314781","0"
"567","0.149290604587881","0"
"568","0.342835964494508","0"
"569","0.522702177479067","0"
"570","0.68171258587275","0"
"571","0.813522678119544","0"
"572","0.912873234638095","0"
"573","0.975800170559398","0"
"574","0.999792702619826","0"
"575","0.983893529354311","0"
"576","0.928737027402305","0"
"577","0.836523939894773","0"
"578","0.710933566855006","0"
"579","0.556976961214243","0"
"580","0.380796987917491","0"
"581","0.189423223756688","0"
"582","-0.00950852257802478","0"
"583","-0.208060879085439","0"
"584","-0.398311611409576","0"
"585","-0.572669719804158","0"
"586","-0.724178319844013","0"
"587","-0.846792221950022","0"
"588","-0.935619134311244","0"
"589","-0.987114865213096","0"
"590","-0.999224736203436","0"
"591","-0.971465563714493","0"
"592","-0.904944938075863","0"
"593","-0.80231703068639","0"
"594","-0.667676692637789","0"
"595","-0.506396070252333","0"
"596","-0.324910256570935","0"
"597","-0.130460531292109","0"
"598","0.0691945661176796","0"
"599","0.266088801966377","0"
"600","0.452366100873285","0"
"601","0.620594002992055","0"
"602","0.764060218983746","0"
"603","0.877040450203688","0"
"604","0.955026788082767","0"
"605","0.994907579573326","0"
"606","0.995091582032635","0"
"607","0.955571453766892","0"
"608","0.87792404696464","0"
"609","0.76524749133154","0"
"610","0.622037578787932","0"
"611","0.454008381476944","0"
"612","0.267864260420322","0"
"613","0.0710323616713598","0"
"614","-0.128633726638073","0"
"615","-0.323167332279271","0"
"616","-0.504806568961323","0"
"617","-0.666304035411556","0"
"618","-0.801215986515985","0"
"619","-0.904159438597796","0"
"620","-0.971026950339469","0"
"621","-0.999150509594805","0"
"622","-0.987407987010799","0"
"623","-0.93626790896244","0"
"624","-0.847770763361386","0"
"625","-0.725447584236241","0"
"626","-0.574179063557856","0"
"627","-0.400000811744439","0"
"628","-0.209862536947836","0"
"629","-0.0113507518616099","0"
"630","0.187613927957013","0"
"631","0.37909281646159","0"
"632","0.555445910503136","0"
"633","0.709636725776065","0"
"634","0.835513052376555","0"
"635","0.928052427833018","0"
"636","0.983562533240672","0"
"637","0.999828516698986","0"
"638","0.976201365850441","0"
"639","0.913623803458341","0"
"640","0.814592672790714","0"
"641","0.683059313632634","0"
"642","0.524271903921692","0"
"643","0.34456605757172","0"
"644","0.151112033626605","0"
"645","-0.0483713569070713","0"
"646","-0.245924731437506","0"
"647","-0.433665714966154","0"
"648","-0.604103446664634","0"
"649","-0.750437465045738","0"
"650","-0.866829046216921","0"
"651","-0.948634168826198","0"
"652","-0.992588810404978","0"
"653","-0.996939181787805","0"
"654","-0.961511703258788","0"
"655","-0.887719930378225","0"
"656","-0.77850815314893","0"
"657","-0.638233918914434","0"
"658","-0.472494166322323","0"
"659","-0.287901907603923","0"
"660","-0.0918223695417242","0"
"661","0.107920878906155","0"
"662","0.303358086823271","0"
"663","0.486691314209112","0"
"664","0.650605569601834","0"
"665","0.788560678065412","0"
"666","0.895052234015992","0"
"667","0.965831226875108","0"
"668","0.99807357649194","0"
"669","0.990492813874913","0"
"670","0.943391411274189","0"
"671","0.858648713546036","0"
"672","0.739645952337189","0"
"673","0.591131335021723","0"
"674","0.419030591338459","0"
"675","0.230210536913626","0"
"676","0.0322050874790145","0"
"677","-0.167085344188785","0"
"678","-0.359709074552206","0"
"679","-0.537980421298975","0"
"680","-0.694786361885722","0"
"681","-0.82387034297006","0"
"682","-0.920081916741924","0"
"683","-0.979582243670109","0"
"684","-0.999997262109226","0"
"685","-0.980512413303584","0"
"686","-0.921905142262369","0"
"687","-0.826513877722081","0"
"688","-0.698144728894872","0"
"689","-0.541919621800555","0"
"690","-0.364071934538827","0"
"691","-0.171697785649567","0"
"692","0.0275271008499017","0"
"693","0.225653656672689","0"
"694","0.414776636900163","0"
"695","0.587350039068153","0"
"696","0.736488188487937","0"
"697","0.85624047650446","0"
"698","0.941828789641622","0"
"699","0.989838156217751","0"
"700","0.998353003635311","0"
"701","0.967033589682562","0"
"702","0.897129558239783","0"
"703","0.791430078517857","0"
"704","0.654152557272348","0"
"705","0.490774364373045","0"
"706","0.307814285875061","0"
"707","0.112572424608469","0"
"708","-0.0871610737530611","0"
"709","-0.283416847321275","0"
"710","-0.468364295345509","0"
"711","-0.634624018998322","0"
"712","-0.77556225921529","0"
"713","-0.885555583525742","0"
"714","-0.960215260875993","0"
"715","-0.996562371895271","0"
"716","-0.993146667708566","0"
"717","-0.950104434832611","0"
"718","-0.869153057347075","0"
"719","-0.753522493310185","0"
"720","-0.607826399508163","0"
"721","-0.437878046657847","0"
"722","-0.250458370041911","0"
"723","-0.0530454103504742","0"
"724","0.146484059966693","0"
"725","0.340168819735536","0"
"726","0.520280851595453","0"
"727","0.679633689710341","0"
"728","0.811869159586309","0"
"729","0.911711069084657","0"
"730","0.975175728364008","0"
"731","0.99973089901139","0"
"732","0.984396830295356","0"
"733","0.929785351197112","0"
"734","0.83807545844859","0"
"735","0.712926374614011","0"
"736","0.559331545195699","0"
"737","0.383419400275925","0"
"738","0.192208830300634","0"
"739","-0.00667086748412861","0"
"740","-0.205284397813158","0"
"741","-0.395707085496389","0"
"742","-0.570341069772733","0"
"743","-0.722218458775863","0"
"744","-0.84527934825569","0"
"745","-0.934613611615548","0"
"746","-0.986656813847959","0"
"747","-0.999332432407552","0"
"748","-0.972134710411853","0"
"749","-0.906148836328971","0"
"750","-0.804007644983273","0"
"751","-0.669786567507733","0"
"752","-0.508841021737633","0"
"753","-0.327592731164841","0"
"754","-0.133273498321386","0"
"755","0.0663633439713711","0"
"756","0.263352290400075","0"
"757","0.449833486634168","0"
"758","0.618366337328699","0"
"759","0.762226385703728","0"
"760","0.87567361921178","0"
"761","0.95418149590339","0"
"762","0.994617553344577","0"
"763","0.995368393794215","0"
"764","0.956404058736026","0"
"765","0.879279224222635","0"
"766","0.767071169337658","0"
"767","0.624256992832628","0"
"768","0.456534976991999","0"
"769","0.270597226304106","0"
"770","0.073862652649384","0"
"771","-0.125819039109309","0"
"772","-0.320480554165954","0"
"773","-0.502354902647013","0"
"774","-0.664185302324557","0"
"775","-0.799514724056629","0"
"776","-0.90294352709822","0"
"777","-0.970344904639918","0"
"778","-0.999029543302648","0"
"779","-0.98785292667825","0"
"780","-0.937261001507239","0"
"781","-0.849272384414334","0"
"782","-0.727397819152629","0"
"783","-0.576500098010397","0"
"784","-0.402600036513042","0"
"785","-0.212636243025336","0"
"786","-0.0141882684407615","0"
"787","0.184825817721012","0"
"788","0.376465358101611","0"
"789","0.553083939545936","0"
"790","0.70763448480732","0"
"791","0.833950430763812","0"
"792","0.926991774141908","0"
"793","0.983046167528525","0"
"794","0.999877041945571","0"
"795","0.976812845899562","0"
"796","0.91477384027041","0"
"797","0.816235379923983","0"
"798","0.685129147111096","0"
"799","0.526686277438231","0"
"800","0.347228637679825","0"
"801","0.153916583442516","0"
"802","-0.045536738855009","0"
"803","-0.243173146342974","0"
"804","-0.431106951009696","0"
"805","-0.601839598467925","0"
"806","-0.74855886009864","0"
"807","-0.865410640812628","0"
"808","-0.947732557306981","0"
"809","-0.992239967049271","0"
"810","-0.99715702543729","0"
"811","-0.96228754195698","0"
"812","-0.889022808179293","0"
"813","-0.780286085259273","0"
"814","-0.64041596588462","0"
"815","-0.474993264529565","0"
"816","-0.290618343088543","0"
"817","-0.0946477565917058","0"
"818","0.105099273167644","0"
"819","0.300652844398826","0"
"820","0.484210374207911","0"
"821","0.648447921471562","0"
"822","0.786812411915733","0"
"823","0.893783105625171","0"
"824","0.96509187443609","0"
"825","0.99789350014967","0"
"826","0.990879198671207","0"
"827","0.94432884046477","0"
"828","0.860099783728223","0"
"829","0.741552765844842","0"
"830","0.593417810040745","0"
"831","0.42160549756931","0"
"832","0.23297113565829","0"
"833","0.0350412309124359","0"
"834","-0.164286818122884","0"
"835","-0.357059826978025","0"
"836","-0.535586157132483","0"
"837","-0.692742612210838","0"
"838","-0.822258653350741","0"
"839","-0.918966593556115","0"
"840","-0.979007788286683","0"
"841","-0.999986595284473","0"
"842","-0.981065960643563","0"
"843","-0.923000817241241","0"
"844","-0.82810796293393","0"
"845","-0.700173620377238","0"
"846","-0.544302366831022","0"
"847","-0.366713461646661","0"
"848","-0.174492697965299","0"
"849","0.0246903202619224","0"
"850","0.222888195291276","0"
"851","0.41219283656938","0"
"852","0.585050993360423","0"
"853","0.734565629272983","0"
"854","0.854771113849716","0"
"855","0.940871251082491","0"
"856","0.989430647520212","0"
"857","0.998511784386817","0"
"858","0.967752324534857","0"
"859","0.898379569689163","0"
"860","0.793161491136899","0"
"861","0.656296287738232","0"
"862","0.493244877890605","0"
"863","0.310513009013064","0"
"864","0.115391678377112","0"
"865","-0.0843337775128009","0"
"866","-0.28069431766296","0"
"867","-0.465855161138462","0"
"868","-0.632428394638383","0"
"869","-0.773767750062838","0"
"870","-0.884233790453742","0"
"871","-0.95941892339693","0"
"872","-0.996323263855851","0"
"873","-0.993474329513931","0"
"874","-0.950985792784432","0"
"875","-0.870552945283797","0"
"876","-0.755385055736069","0"
"877","-0.610077320226174","0"
"878","-0.440427513984283","0"
"879","-0.253204660290421","0"
"880","-0.055878946604663","0"
"881","0.143676335736714","0"
"882","0.337498935660496","0"
"883","0.517855335987221","0"
"884","0.677549320584605","0"
"885","0.810209103222216","0"
"886","0.91054156169208","0"
"887","0.974543433260405","0"
"888","0.99966104475654","0"
"889","0.984892204072379","0"
"890","0.930826187603963","0"
"891","0.839620228137088","0"
"892","0.71491344130992","0"
"893","0.561681624984598","0"
"894","0.386038725029448","0"
"895","0.194992889022758","0"
"896","-0.00383315867100957","0"
"897","-0.202506263423934","0"
"898","-0.393099373027841","0"
"899","-0.568007826891091","0"
"900","-0.720252781817216","0"
"901","-0.843759667684452","0"
"902","-0.933600562650808","0"
"903","-0.986190817119576","0"
"904","-0.999432081174032","0"
"905","-0.972796028689754","0"
"906","-0.907345437534568","0"
"907","-0.805691784756575","0"
"908","-0.671891048711397","0"
"909","-0.511281875621141","0"
"910","-0.330272567715587","0"
"911","-0.136085392124031","0"
"912","0.0635315874134064","0"
"913","0.260613658106925","0"
"914","0.447297249969906","0"
"915","0.616133692076571","0"
"916","0.760386414356841","0"
"917","0.874299736583574","0"
"918","0.953328519878453","0"
"919","0.994319517646233","0"
"920","0.995637190039824","0"
"921","0.957228961961703","0"
"922","0.880627320809074","0"
"923","0.768888670262777","0"
"924","0.626471379852214","0"
"925","0.459057896116058","0"
"926","0.273328013118937","0"
"927","0.0766923488252324","0"
"928","-0.123003338383268","0"
"929","-0.317791195282539","0"
"930","-0.499899190962406","0"
"931","-0.662061220677212","0"
"932","-0.797807023254371","0"
"933","-0.901720344362885","0"
"934","-0.969655044933877","0"
"935","-0.998900532011964","0"
"936","-0.988289911350381","0"
"937","-0.938246546464043","0"
"938","-0.850767166435208","0"
"939","-0.729342196470107","0"
"940","-0.578816490015192","0"
"941","-0.405196019218648","0"
"942","-0.215408236782869","0"
"943","-0.0170256707644202","0"
"944","0.182036219117197","0"
"945","0.373834868136312","0"
"946","0.550717514706968","0"
"947","0.70562654539007","0"
"948","0.832381093503852","0"
"949","0.925923655558991","0"
"950","0.982521885528989","0"
"951","0.999917515368879","0"
"952","0.977416459857072","0"
"953","0.915916510579421","0"
"954","0.817871514066011","0"
"955","0.687193463372356","0"
"956","0.529096409648464","0"
"957","0.349888421620465","0"
"958","0.156719893796925","0"
"959","-0.0427017541041127","0"
"960","-0.240419603020462","0"
"961","-0.428544715429366","0"
"962","-0.599570903769235","0"
"963","-0.746674227146697","0"
"964","-0.863985266417886","0"
"965","-0.946823313874303","0"
"966","-0.991883133370228","0"
"967","-0.997366839167286","0"
"968","-0.963055631533118","0"
"969","-0.890318526845561","0"
"970","-0.782057733871328","0"
"971","-0.642592855704511","0"
"972","-0.477488537704691","0"
"973","-0.293332438277839","0"
"974","-0.0974723814609615","0"
"975","0.102276821084267","0"
"976","0.297945180873143","0"
"977","0.481725534950903","0"
"978","0.646285051511134","0"
"979","0.785057809712493","0"
"980","0.892506779765736","0"
"981","0.964344750292266","0"
"982","0.997705387957216","0"
"983","0.991257604102182","0"
"984","0.945258665151369","0"
"985","0.861543927687317","0"
"986","0.743453607766439","0"
"987","0.595699506376832","0"
"988","0.424177008689745","0"
"989","0.235729858329835","0"
"990","0.0378770921653623","0"
"991","-0.161486969085858","0"
"992","-0.354407704067699","0"
"993","-0.53318757999059","0"
"994","-0.69069328400892","0"
"995","-0.820640342235907","0"
"996","-0.917843870103775","0"
"997","-0.978425449136181","0"
"998","-0.999967875754233","0"
"999","-0.9816116076424","0"
"1000","-0.92408905946672","0"
"1001","-0.829695379546849","0"
"1002","-0.702196873492088","0"
"1003","-0.546680728696054","0"
"1004","-0.369352035679404","0"
"1005","-0.177286205123917","0"
"1006","0.0218533408474289","0"
"1007","0.22012093903281","0"
"1008","0.40960571692656","0"
"1009","0.582747236346216","0"
"1010","0.732637154738042","0"
"1011","0.853294867882678","0"
"1012","0.939906135862709","0"
"1013","0.989015171122259","0"
"1014","0.998662524309209","0"
"1015","0.968463266258232","0"
"1016","0.899622346655486","0"
"1017","0.794886516574413","0"
"1018","0.658434733172553","0"
"1019","0.495711419399211","0"
"1020","0.31320923164771","0"
"1021","0.118210002918126","0"
"1022","-0.0815058021483924","0"
"1023","-0.277969527625673","0"
"1024","-0.46334227548669","0"
"1025","-0.630227677450594","0"
"1026","-0.771967009903053","0"
"1027","-0.882904876811982","0"
"1028","-0.958614859896279","0"
"1029","-0.996076132611067","0"
"1030","-0.993793991055872","0"
"1031","-0.951859492625085","0"
"1032","-0.871945822820081","0"
"1033","-0.757241535187009","0"
"1034","-0.612323328105345","0"
"1035","-0.442973434630142","0"
"1036","-0.255948911529013","0"
"1037","-0.0587120328761198","0"
"1038","0.140867454507979","0"
"1039","0.334826333769519","0"
"1040","0.515425650186581","0"
"1041","0.675459495280618","0"
"1042","0.808542522395371","0"
"1043","0.90936472187817","0"
"1044","0.973903290340357","0"
"1045","0.999583140417799","0"
"1046","0.985379646696234","0"
"1047","0.931859528241175","0"
"1048","0.841158236520534","0"
"1049","0.716894750941284","0"
"1050","0.564027181656137","0"
"1051","0.38865494108514","0"
"1052","0.197775377503497","0"
"1053","-0.000995418990178879","0"
"1054","-0.199726498289524","0"
"1055","-0.390488495003407","0"
"1056","-0.56567000994839","0"
"1057","-0.718281304797271","0"
"1058","-0.842233192474042","0"
"1059","-0.932579995574916","0"
"1060","-0.985716878780527","0"
"1061","-0.99952368170042","0"
"1062","-0.973449513222733","0"
"1063","-0.908534732056623","0"
"1064","-0.807369436444249","0"
"1065","-0.673990119301819","0"
"1066","-0.513718612247069","0"
"1067","-0.332949744642963","0"
"1068","-0.138896190056431","0"
"1069","0.0606993192474494","0"
"1070","0.257872927140607","0"
"1071","0.444757411304314","0"
"1072","0.613896085214792","0"
"1073","0.758540319760002","0"
"1074","0.872918813382717","0"
"1075","0.952467866876804","0"
"1076","0.994013474878317","0"
"1077","0.99589796860489","0"
"1078","0.958046156801135","0"
"1079","0.881968325868007","0"
"1080","0.770699979470864","0"
"1081","0.628680722014657","0"
"1082","0.461577118532549","0"
"1083","0.276056598874245","0"
"1084","0.0795214274119323","0"
"1085","-0.12018664713432","0"
"1086","-0.315099277285916","0"
"1087","-0.497439453682854","0"
"1088","-0.659931807574395","0"
"1089","-0.796092897860998","0"
"1090","-0.900489900241833","0"
"1091","-0.968957376776669","0"
"1092","-0.998763476761656","0"
"1093","-0.988718937508242","0"
"1094","-0.939224535896454","0"
"1095","-0.852255097386829","0"
"1096","-0.731280700530927","0"
"1097","-0.58112822091878","0"
"1098","-0.407788738956334","0"
"1099","-0.218178495898031","0"
"1100","-0.0198629359835286","0"
"1101","0.179245154609643","0"
"1102","0.371201367748591","0"
"1103","0.548346655042599","0"
"1104","0.703612923693914","0"
"1105","0.83080505323424","0"
"1106","0.92484808068561","0"
"1107","0.981989691464018","0"
"1108","0.999949936642987","0"
"1109","0.978012202862189","0"
"1110","0.917051805183639","0"
"1111","0.819501062041323","0"
"1112","0.689252245792884","0"
"1113","0.531502281143998","0"
"1114","0.35254538797495","0"
"1115","0.159521942115239","0"
"1116","-0.0398664254839573","0"
"1117","-0.237664123643714","0"
"1118","-0.42597902885842","0"
"1119","-0.597297380837916","0"
"1120","-0.744783581366488","0"
"1121","-0.862552934510998","0"
"1122","-0.945906445850124","0"
"1123","-0.991518312241358","0"
"1124","-0.997568621288198","0"
"1125","-0.963815965801936","0"
"1126","-0.891607075942822","0"
"1127","-0.783823084718356","0"
"1128","-0.644764570844043","0"
"1129","-0.47997996575368","0"
"1130","-0.296044171315735","0"
"1131","-0.100296221403343","0"
"1132","0.0994535453847588","0"
"1133","0.295235118050505","0"
"1134","0.479236816448011","0"
"1135","0.644116977137783","0"
"1136","0.783296885585159","0"
"1137","0.891223266715728","0"
"1138","0.963589860460082","0"
"1139","0.997509241429409","0"
"1140","0.991628027120602","0"
"1141","0.946180877846289","0"
"1142","0.86298113379391","0"
"1143","0.745348462794816","0"
"1144","0.59797640565593","0"
"1145","0.426745103991893","0"
"1146","0.238486682712809","0"
"1147","0.0407126484011604","0"
"1148","-0.158685819624427","0"
"1149","-0.351752727178253","0"
"1150","-0.530784709188565","0"
"1151","-0.688638393782866","0"
"1152","-0.819015422657501","0"
"1153","-0.916713755425977","0"
"1154","-0.977835230908084","0"
"1155","-0.999941103669248","0"
"1156","-0.982149349906089","0"
"1157","-0.925169860175407","0"
"1158","-0.831276114777685","0"
"1159","-0.704214471946501","0"
"1160","-0.54905468824317","0"
"1161","-0.371987635389138","0"
"1162","-0.180078284629772","0"
"1163","0.0190161854520585","0"
"1164","0.21735191018146","0"
"1165","0.407015298805346","0"
"1166","0.580438786577236","0"
"1167","0.730702780412799","0"
"1168","0.851811750491264","0"
"1169","0.93893345175416","0"
"1170","0.988591730369653","0"
"1171","0.998805222188609","0"
"1172","0.969166409127613","0"
"1173","0.900857879130879","0"
"1174","0.796605140939108","0"
"1175","0.66056787635483","0"
"1176","0.498173969036215","0"
"1177","0.315902932066874","0"
"1178","0.121027375536012","0"
"1179","-0.0786771704329655","0"
"1180","-0.275242499151612","0"
"1181","-0.460825658626042","0"
"1182","-0.628021885156897","0"
"1183","-0.770160053236942","0"
"1184","-0.881568853301982","0"
"1185","-0.957803076849007","0"
"1186","-0.995820980151017","0"
"1187","-0.994105649760207","0"
"1188","-0.952725527318836","0"
"1189","-0.873331678739314","0"
"1190","-0.759091916713142","0"
"1191","-0.614564405059016","0"
"1192","-0.445515788093551","0"
"1193","-0.258691101658771","0"
"1194","-0.0615446463505579","0"
"1195","0.138057438899943","0"
"1196","0.332151035584544","0"
"1197","0.512991813759317","0"
"1198","0.673364230627333","0"
"1199","0.806869430526423","0"
"1200","0.908180559119823","0"
"1201","0.973255304758808","0"
"1202","0.999497186622516","0"
"1203","0.985859154241628","0"
"1204","0.932885364787459","0"
"1205","0.842689471213647","0"
"1206","0.718870287552946","0"
"1207","0.56636819632201","0"
"1208","0.391268027375128","0"
"1209","0.200556273336019","0"
"1210","0.00184232870660365","0"
"1211","-0.196945124794914","0"
"1212","-0.387874472447975","0"
"1213","-0.56332763777061","0"
"1214","-0.716304043592005","0"
"1215","-0.840699934916865","0"
"1216","-0.931551918606296","0"
"1217","-0.98523500264736","0"
"1218","-0.999607233249077","0"
"1219","-0.974095158748387","0"
"1220","-0.909716710317983","0"
"1221","-0.809040586536495","0"
"1222","-0.676083762375532","0"
"1223","-0.516151211992854","0"
"1224","-0.335624240388189","0"
"1225","-0.141705869483697","0"
"1226","0.0578665622811989","0"
"1227","0.255130119571691","0"
"1228","0.442213991090292","0"
"1229","0.611653534762349","0"
"1230","0.756688116779504","0"
"1231","0.871530860729513","0"
"1232","0.951599543829111","0"
"1233","0.993699427505339","0"
"1234","0.996150727389416","0"
"1235","0.958855636673612","0"
"1236","0.883302228600543","0"
"1237","0.772505082375803","0"
"1238","0.630885001528557","0"
"1239","0.464092623954593","0"
"1240","0.278782961597292","0"
"1241","0.0823498656273848","0"
"1242","-0.117368988044725","0"
"1243","-0.312404821853573","0"
"1244","-0.494975710616211","0"
"1245","-0.657797080163853","0"
"1246","-0.794372361680025","0"
"1247","-0.899252204643628","0"
"1248","-0.968251905786481","0"
"1249","-0.998618378655404","0"
"1250","-0.989140001696956","0"
"1251","-0.940194961928913","0"
"1252","-0.853736165287138","0"
"1253","-0.733213315724698","0"
"1254","-0.583435272105246","0"
"1255","-0.410378174847358","0"
"1256","-0.220946998062471","0"
"1257","-0.0227000412501478","0"
"1258","0.176452646674327","0"
"1259","0.368564878145509","0"
"1260","0.545971379644896","0"
"1261","0.701593635934155","0"
"1262","0.829222322646518","0"
"1263","0.923765058183192","0"
"1264","0.981449589619268","0"
"1265","0.999974305506811","0"
"1266","0.978600070117493","0"
"1267","0.91817971494076","0"
"1268","0.821124010727489","0"
"1269","0.691305477793647","0"
"1270","0.533903872550821","0"
"1271","0.355199515347171","0"
"1272","0.162322705833114","0"
"1273","-0.0370307758268868","0"
"1274","-0.234906730402145","0"
"1275","-0.423409911957827","0"
"1276","-0.595019047982201","0"
"1277","-0.742886937983067","0"
"1278","-0.861113656626251","0"
"1279","-0.9449819606178","0"
"1280","-0.991145506600508","0"
"1281","-0.997762370175117","0"
"1282","-0.964568538640581","0"
"1283","-0.892888445094643","0"
"1284","-0.785582123584336","0"
"1285","-0.646931093814733","0"
"1286","-0.482467528613553","0"
"1287","-0.298753520365178","0"
"1288","-0.103119253678965","0"
"1289","0.0966294688044043","0"
"1290","0.292522677754515","0"
"1291","0.476744238740444","0"
"1292","0.641943715810585","0"
"1293","0.781529653714159","0"
"1294","0.889932576811012","0"
"1295","0.962827211018525","0"
"1296","0.997305062145783","0"
"1297","0.991990464743527","0"
"1298","0.947095471123126","0"
"1299","0.86441139047442","0"
"1300","0.747237315671098","0"
"1301","0.600248489542596","0"
"1302","0.429309762795308","0"
"1303","0.241241586607049","0"
"1304","0.0435478767855398","0"
"1305","-0.155883392295696","0"
"1306","-0.349094917689693","0"
"1307","-0.528377564076352","0"
"1308","-0.686577958080303","0"
"1309","-0.81738390770068","0"
"1310","-0.915576258623333","0"
"1311","-0.977237138355302","0"
"1312","-0.99990627924511","0"
"1313","-0.982679183104304","0"
"1314","-0.926243210663814","0"
"1315","-0.832850155897041","0"
"1316","-0.706226399493174","0"
"1317","-0.551424226355316","0"
"1318","-0.374620239551818","0"
"1319","-0.182868913998825","0"
"1320","0.0161788769228946","0"
"1321","0.214581131035757","0"
"1322","0.404421603065839","0"
"1323","0.578125662642997","0"
"1324","0.728762521874388","0"
"1325","0.850321773618728","0"
"1326","0.937953206589716","0"
"1327","0.98816032867228","0"
"1328","0.998939876875899","0"
"1329","0.969861747480714","0"
"1330","0.902086157165839","0"
"1331","0.798317350391238","0"
"1332","0.662695700107239","0"
"1333","0.500632506971187","0"
"1334","0.318594088578636","0"
"1335","0.12384377354305","0"
"1336","-0.0758479051449635","0"
"1337","-0.272513254201084","0"
"1338","-0.458305330822314","0"
"1339","-0.625811035520127","0"
"1340","-0.768346894615626","0"
"1341","-0.880225730682463","0"
"1342","-0.956983580792249","0"
"1343","-0.995557808530403","0"
"1344","-0.994409303117214","0"
"1345","-0.953583889891645","0"
"1346","-0.874710501881472","0"
"1347","-0.760936185413708","0"
"1348","-0.616800533040144","0"
"1349","-0.448054553901436","0"
"1350","-0.261431208597379","0"
"1351","-0.0643767642174411","0"
"1352","0.135246311541108","0"
"1353","0.32947306264922","0"
"1354","0.510553846304683","0"
"1355","0.671263543497525","0"
"1356","0.805189841088502","0"
"1357","0.906989082952857","0"
"1358","0.972599481733866","0"
"1359","0.999403184062861","0"
"1360","0.986330722847184","0"
"1361","0.933903688981944","0"
"1362","0.844213919885651","0"
"1363","0.720840035236319","0"
"1364","0.568704650130463","0"
"1365","0.393877962856661","0"
"1366","0.203335554126317","0"
"1367","0.00468006156739997","0"
"1368","-0.194162165337956","0"
"1369","-0.385257326411754","0"
"1370","-0.56098072922046","0"
"1371","-0.714321014123913","0"
"1372","-0.839159907359942","0"
"1373","-0.930516340023871","0"
"1374","-0.984745192600526","0"
"1375","-0.999682735147177","0"
"1376","-0.974732960067467","0"
"1377","-0.910891362800396","0"
"1378","-0.81070522157582","0"
"1379","-0.678171961072862","0"
"1380","-0.518579655269225","0"
"1381","-0.338296033413996","0"
"1382","-0.144514407780062","0"
"1383","0.0550333393263182","0"
"1384","0.252385257487547","0"
"1385","0.439667009809475","0"
"1386","0.609406058778149","0"
"1387","0.754829820330774","0"
"1388","0.870135889800871","0"
"1389","0.950723557727846","0"
"1390","0.993377378056262","0"
"1391","0.996395464357983","0"
"1392","0.959657395060537","0"
"1393","0.884629018265025","0"
"1394","0.774303964441454","0"
"1395","0.633084200643242","0"
"1396","0.466604392125321","0"
"1397","0.281507079333133","0"
"1398","0.0851776406947613","0"
"1399","-0.114550383804566","0"
"1400","-0.309707850683511","0"
"1401","-0.492507981602491","0"
"1402","-0.655657055636146","0"
"1403","-0.792645428566643","0"
"1404","-0.898007267535176","0"
"1405","-0.967538637644338","0"
"1406","-0.998465238861657","0"
"1407","-0.98955310052578","0"
"1408","-0.941157816746732","0"
"1409","-0.855210358209386","0"
"1410","-0.735140026488448","0"
"1411","-0.585737624996269","0"
"1412","-0.412964306039502","0"
"1413","-0.223713720981984","0"
"1414","-0.0255369637175698","0"
"1415","0.173658717798768","0"
"1416","0.365925420558198","0"
"1417","0.543591707641533","0"
"1418","0.699568698371738","0"
"1419","0.827632914486152","0"
"1420","0.922674596773091","0"
"1421","0.980901584344077","0"
"1422","0.999990621764113","0"
"1423","0.979180056889012","0"
"1424","0.919300230767938","0"
"1425","0.822740347055174","0"
"1426","0.693353142840391","0"
"1427","0.536301164529366","0"
"1428","0.357850782363963","0"
"1429","0.165122162396551","0"
"1430","-0.034194827967944","0"
"1431","-0.232147445500502","0"
"1432","-0.420837385416181","0"
"1433","-0.592735923549103","0"
"1434","-0.740984312269733","0"
"1435","-0.859667444353867","0"
"1436","-0.944049865622048","0"
"1437","-0.990764719449806","0"
"1438","-0.997948084267815","0"
"1439","-0.965313343988762","0"
"1440","-0.894162623982399","0"
"1441","-0.78733483630402","0"
"1442","-0.649092407170085","0"
"1443","-0.484951206252429","0"
"1444","-0.301460463608232","0"
"1445","-0.105941455554447","0"
"1446","0.0938046140849653","0"
"1447","0.289807881828003","0"
"1448","0.474247821900493","0"
"1449","0.639765285030409","0"
"1450","0.779756128330664","0"
"1451","0.888634720445298","0"
"1452","0.962056808109068","0"
"1453","0.997092851750554","0"
"1454","0.992344914052307","0"
"1455","0.948002437616846","0"
"1456","0.865834686211273","0"
"1457","0.749120151184666","0"
"1458","0.602515739740206","0"
"1459","0.431870964447297","0"
"1460","0.243994547827772","0"
"1461","0.0463827544870771","0"
"1462","-0.153079709667089","0"
"1463","-0.346434297004916","0"
"1464","-0.52596616403812","0"
"1465","-0.684511993493535","0"
"1466","-0.815745810503762","0"
"1467","-0.914431388855904","0"
"1468","-0.976631176294164","0"
"1469","-0.999863402762253","0"
"1470","-0.983201102970387","0"
"1471","-0.927309102288451","0"
"1472","-0.834417490229472","0"
"1473","-0.708232639930389","0"
"1474","-0.553789323951044","0"
"1475","-0.377249826967601","0"
"1476","-0.185658070758604","0"
"1477","0.0133414381081963","0"
"1478","0.211808623908238","0"
"1479","0.401824650594641","0"
"1480","0.575807883170609","0"
"1481","0.726816394747351","0"
"1482","0.848824949263604","0"
"1483","0.936965408263059","0"
"1484","0.987720969504136","0"
"1485","0.999066487286727","0"
"1486","0.970549275718098","0"
"1487","0.903307170869274","0"
"1488","0.800023131142668","0"
"1489","0.664818187294789","0"
"1490","0.503087013405982","0"
"1491","0.321282679511641","0"
"1492","0.126659174259257","0"
"1493","-0.073018029067932","0"
"1494","-0.269781814752161","0"
"1495","-0.455781312371286","0"
"1496","-0.623595146343797","0"
"1497","-0.766527548640114","0"
"1498","-0.878875519769369","0"
"1499","-0.956156378325239","0"
"1500","-0.995286619868494","0"
"1501","-0.994704948681622","0"
"1502","-0.954434573431319","0"
"1503","-0.876082281143149","0"
"1504","-0.76277432643712","0"
"1505","-0.619031694041721","0"
"1506","-0.45058971160959","0"
"1507","-0.26416921027921","0"
"1508","-0.0672083636702241","0"
"1509","0.132434095068958","0"
"1510","0.326792436528817","0"
"1511","0.508111767455201","0"
"1512","0.669157450807636","0"
"1513","0.803503767607012","0"
"1514","0.90579030297203","0"
"1515","0.971935826546752","0"
"1516","0.999301133495819","0"
"1517","0.98679434871544","0"
"1518","0.934914492624277","0"
"1519","0.845731570260458","0"
"1520","0.722803978129353","0"
"1521","0.571036524266516","0"
"1522","0.396484726512444","0"
"1523","0.206113197493305","0"
"1524","0.0075177567406189","0"
"1525","-0.191377642329305","0"
"1526","-0.382637077970185","0"
"1527","-0.558629303197181","0"
"1528","-0.712332232361963","0"
"1529","-0.837613122204859","0"
"1530","-0.929473268166972","0"
"1531","-0.984247452584377","0"
"1532","-0.999750186786717","0"
"1533","-0.975362912043864","0"
"1534","-0.912058680044606","0"
"1535","-0.812363328157245","0"
"1536","-0.680254698577892","0"
"1537","-0.521003922520382","0"
"1538","-0.34096510220496","0"
"1539","-0.147321782328834","0"
"1540","0.0521996731981665","0"
"1541","0.249638362992011","0"
"1542","0.437116487972281","0"
"1543","0.607153675360583","0"
"1544","0.752965445378326","0"
"1545","0.868733911830259","0"
"1546","0.949839915627115","0"
"1547","0.993047329124489","0"
"1548","0.996632177539767","0"
"1549","0.960451425505491","0"
"1550","0.885948684177065","0"
"1551","0.776096611181719","0"
"1552","0.635278301648948","0"
"1553","0.469112402817931","0"
"1554","0.284228930144984","0"
"1555","0.0880047298424603","0"
"1556","-0.111730857111537","0"
"1557","-0.307008385493908","0"
"1558","-0.490036286513905","0"
"1559","-0.653511751224451","0"
"1560","-0.790912112427505","0"
"1561","-0.896755098941749","0"
"1562","-0.966817578094041","0"
"1563","-0.998304058613621","0"
"1564","-0.989958230668097","0"
"1565","-0.94211309259627","0"
"1566","-0.856677664282171","0"
"1567","-0.737060817306698","0"
"1568","-0.588035261051546","0"
"1569","-0.415547111707135","0"
"1570","-0.226478642376611","0"
"1571","-0.0283736805405588","0"
"1572","0.170863390481954","0"
"1573","0.363283016241771","0"
"1574","0.541207658195587","0"
"1575","0.697538127313109","0"
"1576","0.826036841552333","0"
"1577","0.921576705236613","0"
"1578","0.98034568005143","0"
"1579","0.999998885283502","0"
"1580","0.979752158506208","0"
"1581","0.920413343641889","0"
"1582","0.82435005800834","0"
"1583","0.695395224443611","0"
"1584","0.538694137774737","0"
"1585","0.360499167675167","0"
"1586","0.167920289261993","0"
"1587","-0.031358604744346","0"
"1588","-0.229386291158791","0"
"1589","-0.41826146994961","0"
"1590","-0.59044802592422","0"
"1591","-0.739075719547973","0"
"1592","-0.858214309339953","0"
"1593","-0.943110168368865","0"
"1594","-0.990375953855661","0"
"1595","-0.998125762070773","0"
"1596","-0.966050375848663","0"
"1597","-0.895429602345363","0"
"1598","-0.789081208763156","0"
"1599","-0.651248493505337","0"
"1600","-0.487430978669767","0"
"1601","-0.304164979246414","0"
"1602","-0.108762804303153","0"
"1603","0.0909790039744131","0"
"1604","0.287090752132687","0"
"1605","0.471747586031309","0"
"1606","0.637581702339706","0"
"1607","0.777976323716543","0"
"1608","0.887329708069969","0"
"1609","0.961278657935606","0"
"1610","0.996872611952613","0"
"1611","0.992691372192631","0"
"1612","0.948901770023783","0"
"1613","0.867251009542932","0"
"1614","0.750996954173417","0"
"1615","0.604778137990928","0"
"1616","0.434428688322982","0"
"1617","0.246745544205922","0"
"1618","0.0492172586768891","0"
"1619","-0.150274794316139","0"
"1620","-0.343770886549379","0"
"1621","-0.523550528492545","0"
"1622","-0.682440516659348","0"
"1623","-0.814101144258022","0"
"1624","-0.913279155343103","0"
"1625","-0.976017349604357","0"
"1626","-0.999812474565954","0"
"1627","-0.983715105301418","0"
"1628","-0.928367526465913","0"
"1629","-0.835978105153529","0"
"1630","-0.710233177102287","0"
"1631","-0.556149961984711","0"
"1632","-0.379876376460909","0"
"1633","-0.188445732448575","0"
"1634","0.0105038918574428","0"
"1635","0.209034411125388","0"
"1636","0.399224462304497","0"
"1637","0.57348546682481","0"
"1638","0.724864414703486","0"
"1639","0.847321289479525","0"
"1640","0.935970064728795","0"
"1641","0.9872736564033","0"
"1642","0.999185052401524","0"
"1643","0.971228988303236","0"
"1644","0.904520910408613","0"
"1645","0.801722469457079","0"
"1646","0.666935320825509","0"
"1647","0.505537468574966","0"
"1648","0.323968683215169","0"
"1649","0.129473555012764","0"
"1650","-0.0701875649902783","0"
"1651","-0.267048202800616","0"
"1652","-0.453253623598383","0"
"1653","-0.62137423547214","0"
"1654","-0.76470202996126","0"
"1655","-0.877518231435681","0"
"1656","-0.955321476109317","0"
"1657","-0.995007416349121","0"
"1658","-0.994992584072656","0"
"1659","-0.955277571087422","0"
"1660","-0.877447005477663","0"
"1661","-0.764606324981187","0"
"1662","-0.621257870096511","0"
"1663","-0.453121240802912","0"
"1664","-0.266905084655676","0"
"1665","-0.0700394219065933","0"
"1666","0.129620812129692","0"
"1667","0.324109178809892","0"
"1668","0.505665596876452","0"
"1669","0.667045969517595","0"
"1670","0.801811223659587","0"
"1671","0.904584228830883","0"
"1672","0.971264344541742","0"
"1673","0.999191035743184","0"
"1674","0.987250028112908","0"
"1675","0.935917767574602","0"
"1676","0.847242410116715","0"
"1677","0.724762100416801","0"
"1678","0.573363799951928","0"
"1679","0.399088297350695","0"
"1680","0.208889181069167","0"
"1681","0.0103553913746885","0"
"1682","-0.188591578192205","0"
"1683","-0.380013748223614","0"
"1684","-0.556273378636344","0"
"1685","-0.710337714321402","0"
"1686","-0.836059591907572","0"
"1687","-0.928422711435253","0"
"1688","-0.983741786607108","0"
"1689","-0.999809587624522","0"
"1690","-0.9759850096047","0"
"1691","-0.913218652650447","0"
"1692","-0.814014892928348","0"
"1693","-0.682331958118747","0"
"1694","-0.5234239942242","0"
"1695","-0.343631425267569","0"
"1696","-0.150127970522778","0"
"1697","0.049365586715842","0"
"1698","0.246889458205311","0"
"1699","0.43456244611756","0"
"1700","0.60489640264779","0"
"1701","0.751095006935624","0"
"1702","0.867324938107532","0"
"1703","0.94894862464277","0"
"1704","0.992709283367843","0"
"1705","0.996860865028563","0"
"1706","0.961237721614302","0"
"1707","0.887261215709665","0"
"1708","0.777883008160768","0"
"1709","0.637467286877012","0"
"1710","0.471616635835932","0"
"1711","0.286948492114288","0"
"1712","0.0908311103044885","0"
"1713","-0.108910430670705","0"
"1714","-0.304306448023054","0"
"1715","-0.487560645254527","0"
"1716","-0.651361184204588","0"
"1717","-0.789172427220683","0"
"1718","-0.895495708946813","0"
"1719","-0.966088732942176","0"
"1720","-0.99813483920925","0"
"1721","-0.990355388861475","0"
"1722","-0.94306078178482","0"
"1723","-0.858138071689553","0"
"1724","-0.738975672711696","0"
"1725","-0.590328161768526","0"
"1726","-0.418126571051456","0"
"1727","-0.229241739980984","0"
"1728","-0.0312101688755921","0"
"1729","0.168066687234077","0"
"1730","0.360637686474991","0"
"1731","0.53881925050534","0"
"1732","0.695501939110037","0"
"1733","0.82443411669794","0"
"1734","0.920471392414862","0"
"1735","0.979781881217909","0"
"1736","0.999999095998433","0"
"1737","0.980316370362059","0"
"1738","0.921519044598879","0"
"1739","0.825953130624283","0"
"1740","0.697431706158825","0"
"1741","0.54108277301667","0"
"1742","0.363144649953831","0"
"1743","0.170717063896673","0"
"1744","-0.0285221289958112","0"
"1745","-0.226623289612072","0"
"1746","-0.415682186301455","0"
"1747","-0.588155373531541","0"
"1748","-0.737161175187292","0"
"1749","-0.856754263286318","0"
"1750","-0.942162876425448","0"
"1751","-0.989979212948722","0"
"1752","-0.998295402153185","0"
"1753","-0.966779628285119","0"
"1754","-0.896689369980821","0"
"1755","-0.790821226898533","0"
"1756","-0.653399335457971","0"
"1757","-0.489906825896322","0"
"1758","-0.306867045500765","0"
"1759","-0.111583277205287","0"
"1760","0.0881526612269721","0"
"1761","0.284371310549104","0"
"1762","0.469243551266827","0"
"1763","0.635392985322549","0"
"1764","0.77619025420423","0"
"1765","0.886017550194047","0"
"1766","0.960492766764468","0"
"1767","0.996644344525506","0"
"1768","0.993029836374538","0"
"1769","0.949793461101799","0"
"1770","0.868660349064039","0"
"1771","0.752867709523806","0"
"1772","0.607035666076135","0"
"1773","0.436982913825541","0"
"1774","0.249494553588239","0"
"1775","0.0520513665292993","0"
"1776","-0.147468668830251","0"
"1777","-0.341104707771028","0"
"1778","-0.52113067689224","0"
"1779","-0.680363544259043","0"
"1780","-0.812449922207651","0"
"1781","-0.91211956736365","0"
"1782","-0.975395663228937","0"
"1783","-0.999753495066328","0"
"1784","-0.984221185958234","0"
"1785","-0.929418474672864","0"
"1786","-0.837531988101869","0"
"1787","-0.712227994898914","0"
"1788","-0.558506121446446","0"
"1789","-0.382499866880681","0"
"1790","-0.191231876620221","0"
"1791","0.00766626102080789","0"
"1792","0.206258515027367","0"
"1793","0.39662105913424","0"
"1794","0.571158432307539","0"
"1795","0.722906597461685","0"
"1796","0.845810806375182","0"
"1797","0.934967184002219","0"
"1798","0.986818392971891","0"
"1799","0.999295571265507","0"
"1800","0.971900879762529","0"
"1801","0.905727366009788","0.824054596989993"
"1802","0.803415351650017","0.692234645230485"
"1803","0.669047083650518","0.533407394995411"
"1804","0.507983852744982","0.353715960560638"
"1805","0.326652078059332","0.159813138800562"
"1806","0.132286893139887","-0.0401267986973033"
"1807","-0.0673565357053151","-0.238116508298537"
"1808","-0.264312440359716","-0.43385399773921"
"1809","-0.45072228485861","-0.597551073491217"
"1810","-0.619148320789692","-0.744517058120095"
"1811","-0.76287035327959","-0.864562441675436"
"1812","-0.87615387661139","-0.944222966580158"
"1813","-0.954478880867778","-0.988560566933727"
"1814","-0.994720200220653","-0.984646288328303"
"1815","-0.995272206974042","-0.958529076763269"
"1816","-0.956112876071466","-0.884913547807762"
"1817","-0.878804663895171","-0.775875341805804"
"1818","-0.766432166293169","-0.635856840565885"
"1819","-0.623479043277578","-0.469672315243825"
"1820","-0.455649121095368","-0.285055343556564"
"1821","-0.26963880969529","-0.0881725911913149"
"1822","-0.0728699161285648","0.111679560658988"
"1823","0.126806485378265","0.307502923999216"
"1824","0.321423311100217","0.49106788982703"
"1825","0.503215354266991","0.656671487762583"
"1826","0.664929116630852","0.795125967844041"
"1827","0.800112222875968","0.901982152842122"
"1828","0.903370870241705","0.972918716573423"
"1829","0.970585041126183","1.00478531094092"
"1830","0.99907289169155","0.999664826693905"
"1831","0.987697757370086","0.951841343017727"
"1832","0.936913505753756","0.85897525890984"
"1833","0.848746427287939","0.748614709349484"
"1834","0.72671438633027","0.590046602532888"
"1835","0.575686458445629","0.416844214852896"
"1836","0.401688654405396","0.23901700078955"
"1837","0.211663482499425","0.0404720914637444"
"1838","0.0131929426187233","-0.159171095602027"
"1839","-0.185803995362254","-0.35238711102125"
"1840","-0.377387358297227","-0.531157076483492"
"1841","-0.553912974509771","-0.688568238217045"
"1842","-0.708337476063792","-0.818629770562386"
"1843","-0.834499328978372","-0.915467018651683"
"1844","-0.92736467828865","-0.975722109335009"
"1845","-0.983228198740774","-0.9885283469376"
"1846","-0.999860937182247","-0.977325997055996"
"1847","-0.976599247740339","-0.919136571282129"
"1848","-0.91437127127683","-0.823891532892757"
"1849","-0.815659902589385","-0.695677056748674"
"1850","-0.684403722967642","-0.539230593638161"
"1851","-0.525839850892197","0"
"1852","-0.346294981130473","0"
"1853","-0.152932949764184","0"
"1854","0.0465311027016576","0"
"1855","0.244138565263811","0"
"1856","0.432004904812535","0"
"1857","0.602634258817118","0"
"1858","0.749218520064922","0"
"1859","0.865908979978891","0"
"1860","0.948049691952191","0"
"1861","0.992363243508537","0"
"1862","0.997081524982792","0"
"1863","0.962016277055074","0"
"1864","0.888566602293201","0"
"1865","0.779663140993079","0"
"1866","0.639651138699945","0"
"1867","0.474117071013102","0"
"1868","0.289665743340919","0"
"1869","0.0936567593205314","0"
"1870","-0.10608912719455","0"
"1871","-0.301602060029147","0"
"1872","-0.485081077760236","0"
"1873","-0.649205371894631","0"
"1874","-0.787426386955502","0"
"1875","-0.894229107692001","0"
"1876","-0.965352108057985","0"
"1877","-0.997957582011233","0"
"1878","-0.990744571907673","0"
"1879","-0.944000876680836","0"
"1880","-0.859591568671171","0"
"1881","-0.74088457728347","0"
"1882","-0.592616308682955","0"
"1883","-0.420702663300456","0"
"1884","-0.232002991544394","0"
"1885","-0.0340464058809581","0"
"1886","0.165268630576579","0"
"1887","0.357989452560203","0"
"1888","0.536426503804194","0"
"1889","0.693460150159646","0"
"1890","0.822824752829415","0"
"1891","0.919358667208716","0"
"1892","0.979210192383703","0"
"1893","0.99999125390721","0"
"1894","0.980872687913073","0"
"1895","0.922617324734927","0"
"1896","0.827549551993792","0"
"1897","0.699462571586627","0"
"1898","0.543467051019979","0"
"1899","0.365787207896432","0"
"1900","0.173512463778688","0"
"1901","-0.0256854235638928","0"
"1902","-0.223858463110228","0"
"1903","-0.413099555242206","0"
"1904","-0.585857984833368","0"
"1905","-0.735240694605235","0"
"1906","-0.855287317950442","0"
"1907","-0.941207997420162","0"
"1908","-0.989574499923884","0"
"1909","-0.998457003148972","0"
"1910","-0.967501095425596","0"
"1911","-0.897941916744049","0"
"1912","-0.79255487669811","0"
"1913","-0.655544915707658","0"
"1914","-0.492378727994607","0"
"1915","-0.309566640612104","0"
"1916","-0.114402851548107","0"
"1917","0.0853256086025965","0"
"1918","0.281649578976358","0"
"1919","0.466735737771572","0"
"1920","0.633199151604223","0"
"1921","0.774397934176576","0"
"1922","0.884698257384092","0"
"1923","0.959699140924275","0"
"1924","0.996408051307437","0"
"1925","0.993360303872437","0"
"1926","0.95067750367027","0"
"1927","0.870062693425388","0"
"1928","0.75473240217099","0"
"1929","0.609288305816375","0"
"1930","0.43953362038617","0"
"1931","0.252241553837462","0"
"1932","0.0548850552217658","0"
"1933","-0.144661355806741","0"
"1934","-0.338435782140103","0"
"1935","-0.518706628723819","0"
"1936","-0.678281093018047","0"
"1937","-0.810792157649598","0"
"1938","-0.910952634255492","0"
"1939","-0.974766122174216","0"
"1940","-0.999686464738324","0"
"1941","-0.984719340865462","0"
"1942","-0.930461938446235","0"
"1943","-0.839079126561394","0"
"1944","-0.714217077256376","0"
"1945","-0.560857783362582","0"
"1946","-0.385120277100334","0"
"1947","-0.194016480837242","0"
"1948","0.00482856844920323","0"
"1949","0.203480957968062","0"
"1950","0.39401446204859","0"
"1951","0.568826798357972","0"
"1952","0.720942958787963","0"
"1953","0.844293512114216","0"
"1954","0.933956774159343","0"
"1955","0.986355182876078","0"
"1956","0.999398042988692","0"
"1957","0.97256494468536","0"
"1958","0.906926527957462","0"
"1959","0.805101764089052","0"
"1960","0.671153458764183","0"
"1961","0.510426146215805","0"
"1962","0.329332842435306","0"
"1963","0.13509916598534","0"
"1964","-0.0645249640107362","0"
"1965","-0.26157454945999","0"
"1966","-0.448187316536367","0"
"1967","-0.616917420221328","0"
"1968","-0.761032533345327","0"
"1969","-0.874782466283392","0"
"1970","-0.953628599385884","0"
"1971","-0.994424973795998","0"
"1972","-0.995543815134029","0"
"1973","-0.956940481656897","0"
"1974","-0.880155245462647","0"
"1975","-0.768251835669906","0"
"1976","-0.625695195698229","0"
"1977","-0.458173332130459","0"
"1978","-0.272370363383929","0"
"1979","-0.0756998235426967","0"
"1980","0.123991137477869","0"
"1981","0.31873485502853","0"
"1982","0.500761059358165","0"
"1983","0.662806909193986","0"
"1984","0.798406778937857","0"
"1985","0.902150236975448","0"
"1986","0.969897921770367","0"
"1987","0.998946702292315","0"
"1988","0.988137532881495","0"
"1989","0.937901699143244","0"
"1990","0.850243609662502","0"
"1991","0.728660820148365","0"
"1992","0.578004481043684","0"
"1993","0.404285776736251","0"
"1994","0.214436079443148","0"
"1995","0.0160303876224526","0"
"1996","-0.183014916287449","0"
"1997","-0.374757929340797","0"
"1998","-0.551548109825355","0"
"1999","-0.706331533696639","0"
"2000","-0.832932345981733","0"
