angle,data
float,float
,
0.0,nan
0.050020842017507297,0.19875103636366204
0.10004168403501459,0.19082087468607717
0.15006252605252193,0.17527696459537767
0.20008336807002919,0.15273950773869094
0.25010421008753653,0.12410774811466552
0.30012505210504381,0.090524092259068101
0.35014589412255109,0.053328527250868119
0.40016673614005838,0.014005155259298019
0.45018757815756572,-0.025877022097808955
0.50020842017507305,-0.064726706881672258
0.55022926219258017,-0.10099379758290539
0.60025010421008762,-0.13323123813529447
0.65027094622759485,-0.16015275541881324
0.70029178824510219,-0.18068418152686772
0.75031263026260941,-0.19400631304051058
0.80033347228011664,-0.19958759722559816
0.8503543142976242,-0.19720534097437986
0.90037515631513143,-0.18695459625526384
0.95039599833263855,-0.16924436754151378
1.0004168403501461,-0.14478129254237804
1.0504376823676531,-0.11454144737511163
1.1004585243851606,-0.079731401150843872
1.1504793664026678,-0.041740073895419005
1.2005002084201752,-0.0020833186730208064
1.2505210504376825,0.037656560915444781
1.3005418924551897,0.075893944608820596
1.3505627344726967,0.11110316169683365
1.4005835764902044,0.1418793652455641
1.4506044185077116,0.16699458545707058
1.5006252605252188,0.18544672563546161
1.5506461025427265,0.19649954582149348
1.6006669445602335,0.19971203874963106
1.6506877865777407,0.194956026027581
1.7007086285952482,0.18242127245112266
1.7507294706127554,0.16260791439321898
1.8007503126302626,0.13630650437450176
1.8507711546477701,0.10456646803628078
1.9007919966652771,0.06865423208213095
1.9508128386827843,0.030002693882203668
2.0008336807002922,-0.0098459510981567799
2.050854522717799,-0.049301742861212805
2.1008753647353067,-0.086790396243362267
2.1508962067528135,-0.12081611485614285
2.2009170487703207,-0.15002127332696935
2.2509378907878284,-0.17324058651956931
2.300958732805336,-0.18954760438352505
2.3509795748228428,-0.19829167728949873
2.4010004168403505,-0.19912391693414735
2.4510212588578577,-0.19201111697521303
2.5010421008753649,-0.17723707796381594
2.5510629428928722,-0.15539128370912014
2.6010837849103794,-0.12734538088821779
2.6511046269278866,-0.094218400364206589
2.7011254689453934,-0.057332107881064798
2.7511463109629011,-0.018158265641544657
2.8011671529804087,0.021740090970109871
2.8511879949979164,0.060771018463241178
2.9012088370154232,0.097377183748626472
2.9512296790329304,0.1300980016921166
3.0012505210504377,0.15762791242714591
3.0512713630679453,0.17886847316271148
3.101292205085453,0.19297218602489963
3.1513130471029598,0.19937631320214017
3.2013338891204666,0.19782533017064297
3.2513547311379742,0.18838112111689601
3.301375573155481,0.1714205097600775
3.3513964151729887,0.1476202240945218
3.4014172571904964,0.11792989495865835
3.451438099208004,0.083534165786882997
3.5014589412255108,0.045805425364389474
3.5514797832430181,0.0062490495469009755
3.6015006252605253,-0.033556663200571601
3.651521467278033,-0.072023465875375448
3.7015423092955402,-0.1076165339552736
3.7515631513130479,-0.13891570486079197
3.8015839933305542,-0.16467214240875516
3.8516048353480614,-0.18385816534662131
3.9016256773655686,-0.1957082518102996
3.9516465193830759,-0.19974958362852591
4.0016673614005844,-0.19582091175677863
4.0516882034180908,-0.18407899011036377
4.101709045435598,-0.16499232108688017
4.1517298874531052,-0.13932246233157097
4.2017507294706125,-0.10809364060518722
4.2517715714881206,-0.072551885160309082
4.3017924135056278,-0.034115311203482324
4.3518132555231341,0.0056824628681935163
4.4018340975406414,0.045253506805043697
4.4518549395581495,0.08301893688443851
4.5018757815756567,0.11747191333420759
4.5518966235931639,0.14723776320411297
4.6019174656106712,0.17112882978424437
4.6519383076281775,0.18819186007981581
4.7019591496456856,0.19774603958324516
4.7519799916631928,0.19941015675699736
4.802000833680701,0.19311781336497222
4.8520216756982082,0.17912007376054651
4.9020425177157154,0.15797544742481195
4.9520633597332235,0.13052760445137734
5.0020842017507299,0.097871713129488946
5.0521050437682371,0.061310742755036785
5.1021258857857443,0.022303475186287058
5.1521467278032516,-0.017593700517964161
5.2021675698207588,-0.056788887985237291
5.2521884118382669,-0.093718200157202891
5.3022092538557732,-0.12690815834653513
5.3522300958732805,-0.15503448400189179
5.4022509378907877,-0.17697493739097031
5.4522717799082958,-0.19185409493944638
5.5022926219258022,-0.1990782786109862
5.5523134639433103,-0.19835924364697086
5.6023343059608175,-0.18972567952555416
5.6523551479783247,-0.17352206525217589
5.7023759899958328,-0.15039492465534054
5.7523968320133392,-0.12126703010106288
5.8024176740308464,-0.087300583897160555
5.8524385160483536,-0.049850846448500796
5.9024593580658609,-0.010412061398711869
5.9524802000833681,0.029442164656062308
6.0025010421008753,0.068121649033346388
6.0525218841183834,0.1040830812159762
6.1025427261358907,0.13589160090544472
6.1525635681533979,0.16227804891406372
6.2025844101709051,0.18218960658673256
6.2526052521884123,0.19483180324049976
6.3026260942059196,0.19970021552614131
6.3526469362234268,0.19660059390793377
6.4026677782409331,0.1856566132155606
6.4526886202584404,0.16730493802131663
6.5027094622759485,0.14227779973394061
6.5527303042934557,0.11157378058262457
6.602751146310962,0.076417970209547548
6.6527719883284702,0.038213084621961269
6.7027928303459774,-0.0015165021435198378
6.7528136723634855,-0.04118558050913379
6.8028345143809927,-0.079211355180847431
6.8528553563985,-0.11407659864337849
6.9028761984160072,-0.14439018850237539
6.9528970404335135,-0.16894261323524062
7.0029178824510216,-0.18675423167244576
7.0529387244685289,-0.19711436065715945
7.1029595664860361,-0.19960963128649364
7.1529804085035433,-0.19414048232101072
7.2030012505210506,-0.18092513267583465
7.2530220925385569,-0.16049087449106925
7.3030429345560659,-0.13365303418780683
7.3530637765735714,-0.10148244096309622
7.4030846185910804,-0.065262700730163159
7.4531054606085876,-0.02643898027264624
7.5031263026260957,0.013439654876075902
7.553147144643602,0.052782048111255309
7.6031679866611084,0.090018438867884631
7.6531888286786156,0.12366309603033032
7.7032096706961228,0.15237359856891386
7.753230512713631,0.17500439810742874
7.8032513547311373,0.19065252627641682
7.8532721967486445,0.19869362312987707
7.9032930387661517,0.19880684909243068
7.9533138807836607,0.19098768645083389
8.0033347228011671,0.17554811961063088
8.0533555648186752,0.15310418692571059
8.1033764068361815,0.12455140078245697
8.1533972488536897,0.091029016676626551
8.203418090871196,0.053874576945800223
8.2534389328887041,0.014570542861617852
8.3034597749062105,-0.025314855540140013
8.3534806169237186,-0.064190191801087981
8.4035014589412249,-0.10050434091850613
8.453522300958733,-0.13280836919647543
8.5035431429762411,-0.15981334666629954
8.5535639849937475,-0.18044177536189282
8.6035848270112538,-0.19387058146336977
8.6536056690287637,-0.19956395592301404
8.7036265110462701,-0.19729473323378369
8.7536473530637764,-0.18715345532759431
8.8036681950812827,-0.16954475895447274
8.8536890370987908,-0.14517123068564053
8.903709879116299,-0.11500537372594033
8.9537307211338053,-0.080250805058741159
9.0037515631513134,-0.042294231156678408
9.0537724051688198,-0.0026501184259447585
9.1037932471863297,0.037099733967668969
9.153814089203836,0.075369307848318412
9.2038349312213423,0.11063164811800807
9.2538557732388504,0.14147978822913032
9.303876615256355,0.16668288811658022
9.3538974572738649,0.18523534468748237
9.403918299291373,0.19639691536086548
9.4539391413088794,0.19972225372933561
9.5039599833263839,0.19507867887015334
9.553980825343892,0.18265146931104109
9.6040016673614019,0.16293647042117954
9.6540225093789083,0.13672031019270903
9.7040433513964164,0.10504901280232737
9.7540641934139209,0.069186262271191401
9.8040850354314308,0.030562981502248787
9.8541058774489354,-0.0092797615099948771
9.9041267194664453,-0.048752242256188794
9.9541475614839516,-0.086279509682692046
10.00416840350146,-0.12036422670159186
10.054189245518966,-0.14964641390526967
10.104210087536474,-0.17295771271284327
10.154230929553981,-0.18936800284999727
10.204251771571489,-0.19822251412614728
10.254272613588997,-0.19916795174955512
10.304293455606503,-0.19216659278127721
10.354314297624013,-0.17749779127954202
10.404335139641518,-0.1557468320793286
10.454355981659026,-0.12778157794130818
10.504376823676534,-0.094717841848008688
10.554397665694038,-0.057874866092124111
10.604418507711546,-0.018722684539999035
10.654439349729056,0.021176531685036415
10.704460191746561,0.060230804793770409
10.754481033764069,0.096881870207471743
10.804501875781577,0.12966735127791729
10.854522717799084,0.15727910808131118
10.904543559816592,0.17861543217043307
10.954564401834096,0.19282500471581504
11.004585243851604,0.19934086410703308
11.054606085869114,0.19790302770756091
11.104626927886619,0.18856886515595647
11.154647769904127,0.17171080931852351
11.204668611921637,0.14800149622680903
11.25468945393914,0.11838692691566299
11.304710295956648,0.084048722004276488
11.354731137974156,0.046356975061189964
11.404751979991666,0.0068155859031787669
11.45477282200917,-0.032997744972111942
11.504793664026678,-0.071494466598909123
11.554814506044185,-0.10713856068949146
11.604835348061693,-0.13850782872775669
11.654856190079201,-0.16435063765659247
11.704877032096707,-0.18363586000737181
11.754897874114215,-0.19559401586178471
11.804918716131723,-0.19974797508239178
11.85493955814923,-0.19593199479399204
11.904960400166733,-0.18429833252033834
11.954981242184243,-0.16531117111262811
12.005002084201752,-0.13972809786455076
12.055022926219261,-0.108569876797179
12.105043768236765,-0.073079720198446552
12.155064610254273,-0.034673684482158018
12.205085452271778,0.0051158304296730073
12.255106294289286,0.044701223827649406
12.305127136306796,0.082503039445985693
12.355147978324304,0.11701298573035368
12.405168820341812,0.14685411663546966
12.455189662359315,0.1708357717398688
12.505210504376825,0.18800108356879994
12.555231346394331,0.19766515658387962
12.605252188411839,0.1994423944990687
12.655273030429347,0.1932618855633127
12.705293872446857,0.17937023193785012
12.75531471446436,0.15832171027567055
12.805335556481866,0.13095615609619449
12.855356398499374,0.098365454367706717
12.905377240516884,0.061849973322858576
12.955398082534392,0.02286667979673962
13.005418924551895,-0.017028993715595964
13.055439766569405,-0.056245210779090837
13.105460608586911,-0.093217245255016179
13.15548145060442,-0.12646991383713291
13.205502292621924,-0.15467643583088519
13.255523134639434,-0.17671137167197465
13.30554397665694,-0.19169552793843633
13.355564818674447,-0.19903103714759371
13.405585660691955,-0.19842521265445739
13.455606502709465,-0.18990222684208607
13.505627344726973,-0.1738021466439672
13.555648186744476,-0.15076736488143938
13.605669028761985,-0.12171696880521599
13.655689870779494,-0.087810068535642993
13.705710712797,-0.05039954859622342
13.755731554814506,-0.010978087852878238
13.805752396832016,0.028881398337662678
13.855773238849521,0.067588517413630367
13.905794080867029,0.10359885623403942
13.955814922884535,0.13547560312667095
14.005835764902045,0.16194687664005847
14.055856606919551,0.18195647358342831
14.105877448937056,0.19470601150925909
14.155898290954564,0.1996867841540767
14.20591913297207,0.19670005880646757
14.25593997498958,0.18586500573759368
14.305960817007088,0.16761394331010715
14.355981659024597,0.14267508848574317
14.406002501042099,0.11204350098557381
14.456023343059606,0.076941380430618711
14.506044185077114,0.038769300605634771
14.556065027094624,-0.00094967340191076666
14.606085869112132,-0.040630755463049839
14.656106711129636,-0.078690671336586249
14.706127553147144,-0.11361083127407723
14.756148395164653,-0.14399792171512482
14.806169237182159,-0.1686394984656252
14.856190079199667,-0.18655236319263879
14.906210921217177,-0.1970217930147713
14.956231763234682,-0.19963005792826555
15.00625260525219,-0.19427308822443001
15.056273447269694,-0.18116462686845952
15.106294289287204,-0.16082770116025791
15.15631513130471,-0.1340737539573672
15.20633597332222,-0.10197026712412516
15.256356815339725,-0.065798169030297893
15.306377657357233,-0.02700072553930899
15.356398499374739,0.012874046265820005
15.406419341392247,0.05223514392765638
15.456440183409756,0.089512060575008934
15.506461025427262,0.12321744811015256
15.55648186744477,0.15200646236297777
15.606502709462276,0.17473042234170905
15.656523551479786,0.19048264257753508
15.706544393497293,0.1986346098534113
15.756565235514801,0.1988610608667378
15.806586077532305,0.19115296022738004
15.856606919549813,0.17581786096963126
15.906627761567321,0.15346763319326906
15.956648603584828,0.12499405046106149
16.006669445602334,0.091533208054492499
16.056690287619848,0.054420192798818823
16.10671112963735,0.015135813130072395
16.156731971654857,-0.024752485126663171
16.206752813672367,-0.063653159808861992
16.256773655689873,-0.10001407491140146
16.306794497707383,-0.13238443077663964
16.356815339724886,-0.15947265096671237
16.406836181742392,-0.18019791613296793
16.456857023759902,-0.1937332886826095
16.506877865777408,-0.19953870756912861
16.556898707794915,-0.19738253671549927
16.606919549812421,-0.18735080728806891
16.656940391829931,-0.16984378505512254
16.706961233847434,-0.14555999979206868
16.756982075864943,-0.11546837395994425
16.807002917882453,-0.080769562721883736
16.857023759899963,-0.042848047830381208
16.907044601917466,-0.0032168968379593377
16.957065443934972,0.036542608262656318
17.007086285952482,0.074844064152842504
17.057107127969989,0.11015924364316232
17.107127969987495,0.14107907190235014
17.157148812005001,0.16636984850989167
17.207169654022511,0.18502247207383399
17.257190496040018,0.19629270335252355
17.307211338057524,0.1997308603829816
17.357232180075034,0.19519976078053683
17.407253022092537,0.18288019531274397
17.457273864110046,0.16326371435213372
17.507294706127553,0.13713301502776898
17.557315548145066,0.10553071162827521
17.607336390162565,0.069717735316190632
17.657357232180072,0.031123023004304362
17.707378074197582,-0.0087134971936432271
17.757398916215092,-0.048202349058454441
17.807419758232598,-0.085767928329229748
17.857440600250104,-0.11991136927637258
17.907461442267614,-0.14927034940892026
17.95748228428512,-0.17267344610992763
18.007503126302627,-0.18918687637127574
18.057523968320133,-0.19815175471386048
18.107544810337643,-0.19921038270261063
18.157565652355149,-0.19232052110562461
18.207586494372656,-0.17775707523866086
18.257607336390159,-0.15610112624935868
18.307628178407672,-0.12821674599319366
18.357649020425178,-0.095216520586702269
18.407669862442685,-0.058417158247682011
18.457690704460191,-0.019286952668168822
18.507711546477701,0.020612801869304032
18.557732388495207,0.059690106096867201
18.607753230512714,0.096385776494686159
18.657774072530227,0.12923565667674175
18.70779491454773,0.15692903719615459
18.75781575656524,0.17836095282139458
18.807836598582746,0.19267627062294512
18.857857440600245,0.19930380975714096
18.907878282617762,0.19797913156832198
18.957899124635265,0.18875509068511637
19.007919966652764,0.17199972612186099
19.057940808670281,0.14838157653066231
19.107961650687791,0.1188430055248344
19.157982492705294,0.084562601392987657
19.208003334722804,0.046908151453922797
19.258024176740307,0.0073820673748129506
19.308045018757817,-0.032438561018969581
19.358065860775326,-0.070964891590838075
19.408086702792836,-0.1066597246568709
19.458107544810336,-0.13809883721701988
19.508128386827842,-0.16402780941939804
19.558149228845352,-0.1834120758828045
19.608170070862862,-0.19547820483115466
19.658190912880368,-0.19974475800308394
19.708211754897874,-0.19604150002739523
19.758232596915377,-0.18451619081022858
19.808253438932887,-0.1656286899183595
19.858274280950397,-0.14013260819322904
19.908295122967907,-0.10904523869620453
19.958315964985413,-0.073606966739236723
20.008336807002919,-0.035231778540117831
20.058357649020426,0.0045491567943239941
20.108378491037925,0.044148580879638799
20.158399333055442,0.08198647762594935
20.208420175072948,0.11655311584275896
20.258441017090455,0.14646928747801458
20.308461859107961,0.17054133798689808
20.358482701125471,0.18780879312013582
20.408503543142977,0.19758268182388922
20.458524385160484,0.19947302616873566
20.508545227177997,0.19340440145976504
20.5585660691955,0.17961894568012998
20.608586911213006,0.15866669819133583
20.658607753230516,0.13138365317551104
20.708628595248026,0.09885840348727426
20.758649437265529,0.062388705824385049
20.808670279283035,0.023429700266085152
20.858691121300541,-0.01646414978191757
20.908711963318048,-0.055701080640756406
20.958732805335558,-0.092715539691746507
21.008753647353068,-0.12603065088910237
21.05877448937057,-0.15431714207940017
21.108795331388077,-0.176446382929274
21.158816173405587,-0.19153541724911061
21.208837015423093,-0.19898219292438091
21.258857857440606,-0.19848958378074319
21.308878699458109,-0.19007724491140357
21.358899541475612,-0.17408082843948819
21.408920383493122,-0.15113859100608029
21.458941225510632,-0.12216592734532983
21.508962067528138,-0.088318846056027134
21.558982909545644,-0.050947844885781191
21.609003751563154,-0.01154402590255299
21.659024593580661,0.028320399442750555
21.709045435598167,0.067054841516195007
21.759066277615677,0.10311379698983569
21.809087119633183,0.13505851438815497
21.85910796165069,0.16161440023806173
21.909128803668199,0.18172187531859274
21.959149645685702,0.19457865184682299
22.009170487703209,0.19967174474159749
22.059191329720715,0.19679793971612869
22.109212171738228,0.18607190152340186
22.159233013755728,0.16792159883508662
22.209253855773238,0.14307122830167907
22.259274697790747,0.11251231912311499
22.309295539808254,0.077464171057103792
22.35931638182576,0.039325204387365531
22.40933722384327,-0.00038283701275831916
22.459358065860773,-0.040075603225074641
22.509378907878286,-0.078169353811025966
22.559399749895796,-0.11314414901795855
22.609420591913295,-0.1436044953394694
22.659441433930802,-0.16833502567358188
22.709462275948312,-0.18634899244145814
22.759483117965821,-0.19692763879264502
22.809503959983331,-0.19964887698642853
22.859524802000838,-0.19440412968290433
22.90954564401834,-0.18140266217614692
22.959566486035854,-0.16116323271397703
23.00958732805336,-0.13449339405600269
23.059608170070863,-0.1024572721376118
23.109629012088369,-0.066333107470059383
23.159649854105879,-0.027562253374163181
23.209670696123386,0.012308333983272246
23.259691538140892,0.051687819104186405
23.309712380158402,0.089004961458210907
23.359733222175908,0.122770807942855
23.409754064193411,0.15163810207735173
23.459774906210924,0.17445503950449925
23.509795748228431,0.19031122495747366
23.559816590245934,0.19857399700949427
23.609837432263447,0.19891367125001189
23.65985827428095,0.19131669468480372
23.70987911629846,0.1760861865002023
23.75989995831597,0.15382984361461394
23.809920800333465,0.12543569358588869
23.859941642350982,0.092036662332519392
23.909962484368485,0.054965370416170445
23.959983326385995,0.015700961512650324
24.010004168403501,-0.024189915386040317
24.060025010421015,-0.063115615229622835
24.110045852438521,-0.099523003509600971
24.160066694456024,-0.13195942628967994
24.21008753647353,-0.15913067106362422
24.26010837849104,-0.17995260580385664
24.310129220508546,-0.19359443580379904
24.360150062526049,-0.19951185236725805
24.410170904543566,-0.19746875071249226
24.460191746561069,-0.18754665054744463
24.510212588578572,-0.17014144343543985
24.560233430596078,-0.14594759673097579
24.610254272613592,-0.11593044434868682
24.660275114631094,-0.081287669962795461
24.710295956648608,-0.043401519456752191
24.760316798666111,-0.00378364934490516
24.810337640683624,0.035985188286841385
24.86035848270113,0.074318217752073812
24.910379324718637,0.10968595207647847
24.960400166736136,0.14067721949212897
25.010421008753649,0.16605546915786445
25.060441850771159,0.18480810950871751
25.110462692788662,0.19618691063566263
25.160483534806172,0.19973785864129298
25.210504376823678,0.19531927078363673
25.260525218841185,0.18310744861436046
25.310546060858695,0.16358964355086181
25.360566902876201,0.13754461555625164
25.410587744893714,0.10601156063507888
25.46060858691121,0.070248646937275283
25.51062942892872,0.031682813878464389
25.56065027094623,-0.0081471627091267429
25.610671112963733,-0.047652067696190792
25.660691954981235,-0.085255656302641092
25.710712796998749,-0.11945754622728133
25.760733639016252,-0.14889308286629732
25.810754481033765,-0.17238778899994739
25.860775323051271,-0.18900422640593406
25.910796165068778,-0.19807939962248247
25.960817007086291,-0.19925120945159877
26.010837849103797,-0.19247290070869671
26.0608586911213,-0.17801492775322231
26.11087953313881,-0.15645416336615237
26.16090037515632,-0.12865088153953053
26.210921217173823,-0.095714432564520946
26.260942059191326,-0.058958979980768378
26.310962901208839,-0.019851065482104358
26.360983743226342,0.020048906062522409
26.411004585243848,0.059148926726674378
26.461025427261358,0.095888906605235746
26.511046269278868,0.12880292136491522
26.561067111296371,0.15657770259074333
26.611087953313881,0.17810503716488513
26.661108795331391,0.19252598494402853
26.711129637348893,0.19926515045083099
26.761150479366407,0.19805364114007279
26.81117132138391,0.18893979620475318
26.861192163401412,0.1722872578435044
26.911213005418929,0.14876046194534631
26.961233847436429,0.11929812711345567
27.011254689453946,0.085075799814854913
27.061275531471448,0.047458950104056541
27.111296373488955,0.0079484894000380057
27.161317215506465,-0.0318791158441456
27.211338057523971,-0.070434745115742547
27.261358899541477,-0.10618002971337637
27.311379741558987,-0.13768873362211043
27.36140058357649,-0.16370366029686173
27.411421425594,-0.18318681477502208
27.461442267611503,-0.19536081965098984
27.511463109629013,-0.19973993241650542
27.561483951646519,-0.19614942657519402
27.611504793664032,-0.18473256322565729
27.661525635681528,-0.16594487494713367
27.711546477699041,-0.1405359900601586
27.761567319716548,-0.10951972247427777
27.811588161734058,-0.074133620536846134
27.861609003751564,-0.035789588883141432
27.91162984576907,0.0039824465254635344
27.96165068778658,0.043595582411347866
28.01167152980409,0.081469255584096456
28.061692371821593,0.11609230737466569
28.111713213839092,0.14608327883071848
28.161734055856609,0.17024553089636241
28.211754897874112,0.18761499028227976
28.261775739891625,0.19749861596742388
28.311796581909128,0.19950205151935885
28.361817423926638,0.19354535990662769
28.411838265944141,0.17986621298455813
28.461859107961651,0.1590104083936833
28.511879949979161,0.13181009224679385
28.561900791996671,0.099350556518550737
28.611921634014173,0.062926935921304161
28.66194247603168,0.023992532060427285
28.711963318049193,-0.015899173265515043
28.761984160066696,-0.055156501952005832
28.812005002084199,-0.092213087507532543
28.862025844101709,-0.12559037303976683
28.912046686119211,-0.15395660564076219
28.962067528136725,-0.17617997329675211
29.012088370154228,-0.19137376416080323
29.062109212171741,-0.19893174633471289
29.112130054189247,-0.19855235650741407
29.162150896206757,-0.19025073232413725
29.212171738224264,-0.17435810839458149
29.26219258024177,-0.151508600039855
29.312213422259283,-0.12261390210600875
29.362234264276786,-0.088826912361222643
29.412255106294289,-0.051495730901852221
29.462275948311802,-0.012109870990339999
29.512296790329305,0.027759172488943329
29.562317632346808,0.066520625638629483
29.612338474364318,0.1026279073894738
29.662359316381828,0.13464033804860098
29.712380158399331,0.16128062238545593
29.76240100041684,0.18148581368139771
29.812421842434354,0.19444972527882604
29.862442684451857,0.19965509740978854
29.912463526469363,0.19689423584869714
29.962484368486873,0.18627729890690858
30.012505210504376,0.16822790211877003
30.062526052521893,0.14346621599169029
30.112546894539388,0.11298023121994205
30.162567736556905,0.077986337879079048
30.212588578574408,0.039880791490559453
30.262609420591911,0.00018400245930838555
30.312630262609421,-0.03952012826574236
30.362651104626927,-0.077647406802251906
30.412671946644441,-0.11267655563310031
30.462692788661947,-0.14320991254360849
30.51271363067945,-0.16802919731098781
30.562734472696963,-0.18614412105662137
30.612755314714466,-0.19683189874896256
30.662776156731969,-0.19966608830943278
30.712796998749479,-0.19453360564119843
30.762817840766989,-0.18163923668205151
30.812838682784491,-0.16149746645023311
30.862859524801998,-0.13491195110442877
30.912880366819511,-0.10294345208181122
30.962901208837014,-0.066867511741672381
31.012922050854524,-0.02812355925533605
31.062942892872034,0.011742522584005655
31.11296373488954,0.051140078048358406
31.162984576907053,0.088497145601054483
31.213005418924556,0.12232317912514534
31.263026260942056,0.1512685206783847
31.313047102959572,0.17417825181341678
31.363067944977075,0.19013827479660303
31.413088786994585,0.19851178508622619
31.463109629012088,0.1989646798186229
31.513130471029601,0.19147888850457745
31.563151313047104,0.17635309404154581
31.613172155064611,0.15419081527292866
31.66319299708212,0.12587632660049008
31.713213839099627,0.092539375456462514
31.76323468111713,0.055510105407653998
31.813255523134643,0.016265983458314426
31.863276365152149,-0.023627150848544942
31.913297207169656,-0.062577562392100439
31.963318049187158,-0.099031130667626699
32.013338891204668,-0.13153335915807951
32.063359733222171,-0.15878740971094241
32.113380575239695,-0.17970584634997161
32.163401417257191,-0.19345402394511507
32.213422259274701,-0.19948339053367659
32.263443101292204,-0.19755337453043481
32.313463943309721,-0.18774098352864804
32.363484785327223,-0.17043773169847964
32.413505627344733,-0.14633401838110416
32.463526469362243,-0.11639158117118287
32.513547311379746,-0.081805122609277414
32.563568153397249,-0.043954641578779818
32.613588995414766,-0.0043503713828271229
32.663609837432269,0.035427478529016732
32.713630679449771,0.073791772880563045
32.763651521467281,0.1092117772292952
32.813672363484784,0.1402742342344957
32.863693205502294,0.16573975259211188
32.913714047519804,0.18459225871840007
32.963734889537314,0.19607953806219836
33.013755731554816,0.19974324844787883
33.063776573572333,0.1954372079171165
33.113797415589829,0.18333322738584135
33.163818257607339,0.16391425539272131
33.213839099624842,0.1379551084635785
33.263859941642352,0.1064915559505798
33.313880783659862,0.070778992859116263
33.363901625677364,0.032242349616831256
33.413922467694874,-0.0075807626170270037
33.463943309712384,-0.047101402600723374
33.513964151729887,-0.084742697728152794
33.563984993747397,-0.11900276120884734
33.614005835764907,-0.148514617315466
33.66402667778241,-0.17210074368326417
33.714047519799927,-0.18882005442483263
33.764068361817429,-0.19800544943461179
33.814089203834932,-0.19929043166779911
33.864110045852442,-0.19262373036342109
33.914130887869945,-0.17827134674676892
33.964151729887448,-0.15680594058674735
34.014172571904965,-0.12908398108433805
34.064193413922467,-0.096211573771863623
34.114214255939977,-0.059500326928185965
34.164235097957487,-0.020415018439115973
34.21425593997499,0.019484848805641164
34.2642767819925,0.058607271041214992
34.314297624010003,0.095391264540288123
34.364318466027512,0.12836914882720962
34.414339308045022,0.15622510709431714
34.464360150062525,0.17784768726172762
34.514380992080035,0.19237414888925986
34.564401834097545,0.19922488649946871
34.614422676115048,0.19812655582278729
34.664443518132558,0.18912298022747354
34.714464360150068,0.17257340216799083
34.76448520216757,0.14913814941978365
34.814506044185073,0.11975228801652327
34.86452688620259,0.085588313137161753
34.914547728220093,0.048009366576128865
34.964568570237603,0.0085148474175599231
35.014589412255106,-0.031319413952748398
35.064610254272608,-0.069904031442779124
35.114631096290125,-0.10569947972192673
35.164651938307628,-0.13727752124550863
35.214672780325131,-0.16337819289930289
35.264693622342648,-0.18296007849798418
35.314714464360144,-0.19524186126659204
35.364735306377654,-0.19973349836152982
35.414756148395163,-0.19625577356821389
35.464776990412673,-0.18494744802423385
35.514797832430183,-0.166259723652813
35.564818674447686,-0.14093824021696844
35.614839516465203,-0.10999332431045195
35.664860358482706,-0.074659677350250475
35.714881200500209,-0.036347111019278788
35.764902042517718,0.0034157041867056703
35.814922884535214,0.043042232875954323
35.864943726552724,0.080951377485536491
35.914964568570241,0.11563056403688987
35.964985410587737,0.14569609380202242
36.015006252605254,0.16994835285031556
36.065027094622771,0.18741967661593595
36.115047936640266,0.19741295969143696
36.165068778657776,0.19952947031716728
36.215089620675286,0.19368475976884331
36.265110462692789,0.18011203185991681
36.315131304710299,0.15935283811488787
36.365152146727795,0.13223546987596801
36.415172988745311,0.099841909498347703
36.465193830762807,0.06346465927935141
36.515214672780317,0.024555170647381996
36.565235514797848,-0.015334068716034266
36.615256356815344,-0.054611479098243598
36.665277198832854,-0.091709892748522592
36.715298040850357,-0.12514908383457846
36.765318882867867,-0.15359482941831182
36.815339724885369,-0.1759121449197743
36.865360566902879,-0.19121056997529073
36.915381408920382,-0.19887969778476308
36.965402250937892,-0.19861353032902937
37.015423092955402,-0.19042268768323078
37.065443934972905,-0.17463398427634413
37.115464776990414,-0.15187738900312975
37.165485619007924,-0.12306088947982774
37.215506461025427,-0.089334263359857169
37.265527303042937,-0.052043202232411434
37.315548145060454,-0.012675618559592983
37.36556898707795,0.027197721995698587
37.41558982909546,0.06598587408288259
37.465610671112962,0.10214119134569755
37.515631513130472,0.13422107747554057
37.565652355147989,0.1609455457700999
37.615673197165492,0.18124829057279179
37.665694039183002,0.1943192328434549
37.715714881200512,0.19963684229275724
37.765735723218008,0.19698894642870396
37.815756565235525,0.18648119623409265
37.865777407253034,0.16853285069453089
37.91579824927053,0.14386004837502941
37.96581909128804,0.1134472335080523
38.015839933305529,0.078507876691610079
38.065860775323046,0.040436057441186612
38.115881617340563,0.00075084044963780183
38.165902459358072,-0.038964335058188859
38.215923301375582,-0.077124834513390472
38.265944143393092,-0.11220805488497732
38.315964985410588,-0.14281417650503048
38.365985827428091,-0.16772201584062912
38.416006669445608,-0.18593775068789303
38.46602751146311,-0.19673457365472158
38.516048353480613,-0.19968169175869283
38.566069195498116,-0.19466151505664542
38.616090037515633,-0.1818743484810586
38.666110879533136,-0.16183039967754453
38.716131721550653,-0.13532942173207163
38.766152563568156,-0.10342880304159097
38.816173405585673,-0.067401377541697949
38.866194247603175,-0.028684638662729856
38.916215089620678,0.011176616624398172
38.966235931638174,0.05059192517101041
39.016256773655684,0.087988617092905175
39.066277615673201,0.12187456526170493
39.116298457690704,0.15089772114223254
39.166319299708206,0.17390006149735499
39.216340141725716,0.18996379348770565
39.266360983743226,0.19844797458457447
39.316381825760736,0.1990140861617733
39.366402667778246,0.19163954038059938
39.416423509795749,0.17661858144432441
39.466444351813259,0.15455054526138456
39.516465193830754,0.12631594595649198
39.566486035848271,0.093041343378095664
39.616506877865774,0.056054393386617218
39.666527719883277,0.016830874417045782
39.716548561900794,-0.023064196046008845
39.766569403918304,-0.062039005629151545
39.816590245935814,-0.098538460346426993
39.866611087953316,-0.13110623281288791
39.916631929970826,-0.15844286967286414
39.966652771988329,-0.17945763975840601
40.016673614005839,-0.19331205423730891
40.066694456023342,-0.19945332229752549
40.116715298040852,-0.19763640748796502
40.166736140058362,-0.18793380466672227
40.21675698207585,-0.17073264745822858
40.266777824093374,-0.14671926163071536
40.316798666110884,-0.1168517807139875
40.366819508128387,-0.082321916494353498
40.416840350145897,-0.04450740974228995
40.466861192163407,-0.0049170583880188135
40.516882034180909,0.034869483480310159
40.566902876198412,0.073264733777686608
40.616923718215922,0.10873672292002046
40.666944560233432,0.13987011937465321
40.716965402250942,0.1654227013550546
40.766986244268459,0.18437492144102197
40.817007086285962,0.19597058649683724
40.867027928303472,0.19974702975935013
40.917048770320967,0.19555357123118147
40.967069612338477,0.18355752980908518
41.017090454355994,0.16423754726365059
41.06711129637349,0.13836449044417165
41.117132138391,0.10697069370943768
41.167152980408495,0.071308768810918632
41.217173822426012,0.032801625713580473
41.267194664443522,-0.0070143014784630475
41.317215506461032,-0.046550358206436826
41.367236348478535,-0.084229056736546792
41.417257190496052,-0.11854701788338151
41.467278032513548,-0.14813495580409664
41.517298874531058,-0.17181231247143564
41.56731971654856,-0.18863436191101979
41.61734055856607,-0.19792990474585387
41.66736140058358,-0.19932804903531948
41.717382242601083,-0.19277300885514137
41.767403084618593,-0.17852633015445812
41.817423926636096,-0.15715645507835541
41.867444768653606,-0.12951604113990212
41.917465610671115,-0.096707940205373877
41.967486452688632,-0.060041194730568792
42.017507294706135,-0.0209788069977902
42.067528136723645,0.018920634640910206
42.117548978741134,0.058065143402322383
42.167569820758651,0.094892854307311203
42.217590662776153,0.12793434255669167
42.267611504793663,0.15587125354621556
42.317632346811173,0.17758890518436188
42.367653188828676,0.19222076368136146
42.417674030846186,0.19918301822722145
42.467694872863696,0.1981978750293536
42.517715714881213,0.18930464127810429
42.567736556898716,0.17285815679104249
42.617757398916218,0.14951463591256065
42.667778240933721,0.12020548457673275
42.717799082951224,0.086100137232774876
42.767819924968734,0.048559396437721336
42.817840766986244,0.009081136866604278
42.867861609003761,-0.030759459851959492
42.917882451021264,-0.069372754845694606
42.967903293038766,-0.10521807855226339
43.017924135056283,-0.13686520339866726
43.067944977073786,-0.16305140984762662
43.117965819091289,-0.18273186887754117
43.167986661108799,-0.19512133063595205
43.218007503126309,-0.19972545588991295
43.268028345143811,-0.1963605401501593
43.318049187161321,-0.18516084347550166
43.36807002917881,-0.16657323349992159
43.418090871196334,-0.14133935542445475
43.468111713213844,-0.11046604039090424
43.518132555231354,-0.075185132943187627
43.56815339724885,-0.036904340458921214
43.618174239266366,0.0028489343419202395
43.668195081283862,0.042488536729499038
43.718215923301372,0.080432847500634508
43.768236765318882,0.11516788954772839
43.818257607336385,0.14530773550989518
43.868278449353902,0.16964980624189108
43.918299291371405,0.1872228536938621
43.968320133388907,0.19732571368575777
44.018340975406417,0.19955528234137646
44.068361817423927,0.19382259992378253
44.11838265944143,0.18035640032672451
44.16840350145894,0.15969398459738404
44.218424343476457,0.13265978263761125
44.268445185493967,0.10033245846986372
44.318466027511455,0.064001871568325597
44.368486869528972,0.025117611496135228
44.418507711546475,-0.014768840684161177
44.468528553563992,-0.054066016468416023
44.518549395581495,-0.091205959466874931
44.568570237599012,-0.12470678682716818
44.618591079616507,-0.15323181632532235
44.668611921634017,-0.17564289995514931
44.71863276365152,-0.19104583600669062
44.76865360566903,-0.19882604769376735
44.81867444768654,-0.19867310475292491
44.868695289704036,-0.19059310960390657
44.918716131721546,-0.17490845386324994
44.968736973739048,-0.15224495492612455
45.018757815756572,-0.12350688586723702
45.068778657774075,-0.089840894966355833
45.118799499791592,-0.052590254468767639
45.168820341809095,-0.013241264054455804
45.218841183826598,0.026636052484277584
45.268862025844101,0.065450591155186588
45.318882867861603,0.10165365277799221
45.36890370987912,0.13380073604517839
45.418924551896623,0.16060917309025557
45.46894539391414,0.18100930790555442
45.518966235931643,0.19418717559155566
45.568987077949146,0.19961697953743779
45.619007919966663,0.19708207069351846
45.66902876198418,0.18668359186298089
45.719049604001675,0.16883644210666504
45.769070446019185,0.14425272228026986
45.819091288036681,0.11391332222673378
45.869112130054191,0.079028783294878835
45.919132972071708,0.040990997767780368
45.969153814089204,0.0013176723935900414
46.019174656106713,-0.038408228078120832
46.069195498124216,-0.076601641152628575
46.119216340141726,-0.11173865054629728
46.169237182159243,-0.14241729041056272
46.219258024176739,-0.16741348373615672
46.269278866194249,-0.18572988299712073
46.319299708211759,-0.19663566429370438
46.369320550229254,-0.19969568720850045
46.419341392246771,-0.19478785689927047
46.469362234264281,-0.18210799567986768
46.519383076281784,-0.16216202971480564
46.569403918299294,-0.1357458025771594
46.619424760316804,-0.10391332110851315
46.669445602334306,-0.067934700570992046
46.719466444351816,-0.029245487078087606
46.769487286369326,0.010610620661582693
46.819508128386822,0.05004336488633776
46.869528970404346,0.087479380028835374
46.919549812421849,0.12142496996510133
46.969570654439352,0.15052570645491536
47.019591496456862,0.1736204707965433
47.069612338474371,0.18978778243577918
47.119633180491867,0.19838256601844884
47.169654022509384,0.19906188988161677
47.219674864526894,0.19179864901911561
47.269695706544397,0.17688264657065578
47.3197165485619,0.15490903068310158
47.369737390579402,0.12675454811378273
47.419758232596919,0.093542562055138556
47.469779074614422,0.056598229969997749
47.519799916631925,0.017395629839890847
47.569820758649435,-0.022501055511807366
47.619841600666952,-0.061499949277650789
47.669862442684462,-0.09804499651340981
47.719883284701964,-0.13067805069365501
47.769904126719467,-0.15809705372389193
47.81992496873697,-0.1792079880279992
47.86994581075448,-0.19316852782354055
47.91996665277199,-0.1994216479010375
47.969987494789493,-0.19771784891634936
48.020008336807003,-0.18812511240890389
48.070029178824512,-0.17102618833986871
48.120050020842029,-0.14710332337746224
48.170070862859532,-0.11731103927118924
48.220091704877042,-0.082838047456417208
48.270112546894552,-0.045059819495924192
48.320133388912048,-0.0054837057970581471
48.370154230929565,0.034311207634167951
48.42017507294706,0.072737104687556675
48.47019591496457,0.10826079297423352
48.52021675698208,0.13946487816681663
48.570237598999576,0.16510431799982039
48.620258441017093,0.18415609942685185
48.670279283034603,0.19586005681687718
48.720300125052098,0.19974920254522838
48.770320967069615,0.19566835978887631
48.820341809087132,0.18378035407775994
48.870362651104628,0.16455951656023116
48.920383493122138,0.13877275820135915
48.970404335139634,0.10744897005324294
49.020425177157144,0.071837970526530071
49.070446019174653,0.033360637664949566
49.120466861192156,-0.0064477838550339728
49.170487703209666,-0.045998938950813195
49.220508545227183,-0.083714737464051781
49.270529387244693,-0.11809031992087837
49.320550229262203,-0.14775410138960698
49.370571071279706,-0.17152249768708638
49.420591913297216,-0.18844715035991064
49.470612755314725,-0.19785276616447234
49.520633597332221,-0.19936406125122072
49.570654439349731,-0.1929207349818407
49.620675281367248,-0.17877987592289085
49.670696123384744,-0.15750570401833019
49.720716965402261,-0.12994705822698704
49.770737807419756,-0.097203527867868011
49.820758649437273,-0.06058157903240613
49.870779491454783,-0.02154242661805128
49.920800333472279,0.018356268111832996
49.970821175489782,0.057522548175679589
50.020842017507299,0.094393679919871021
50.070862859524794,0.1274985060547611
50.120883701542311,0.15551614479603348
50.170904543559821,0.17732869301665083
50.220925385577324,0.19206583055548693
50.270946227594827,0.19913954597134553
50.320967069612344,0.19826759818538081
50.370987911629847,0.18948477789375051
50.421008753647357,0.173141519419656
50.471029595664866,0.14988991839182619
50.521050437682369,0.12065771314463569
50.571071279699879,0.086611267980031159
50.621092121717389,0.049109035259550016
50.671112963734892,0.0096473531869497586
50.721133805752402,-0.030199258050976785
50.771154647769897,-0.068840919602745965
50.821175489787407,-0.10473583008107312
50.871196331804931,-0.13645178340186015
50.92121717382242,-0.16272331377334176
50.971238015839937,-0.1825021877515014
51.02125885785744,-0.19499922872958406
51.071279699874957,-0.1997158050665182
51.12130054189246,-0.19646372547728072
51.171321383909962,-0.18537274786101643
51.221342225927465,-0.16688540196390467
51.271363067944975,-0.14173933245245907
51.321383909962492,-0.11093786690892882
51.371404751980002,-0.075709983084297217
51.421425593997505,-0.037461272714787386
51.471446436015007,0.0022821415551949054
51.521467278032524,0.041934498430787004
51.57148812005002,0.07991366980500425
51.62150896206753,0.11470428763307117
51.671529804085033,0.14491820708166447
51.721550646102543,0.16934989347520257
51.771571488120053,0.18702452310112966
51.821592330137555,0.19723687865289291
51.871613172155065,0.19957948738409895
51.921634014172582,0.19395887926154018
51.971654856190092,0.18059931641706173
52.021675698207595,0.16003384509403651
52.071696540225105,0.13308302711475395
52.121717382242601,0.10082219948279847
52.17173822426011,0.064538568462186863
52.22175906627762,0.025679850077442778
52.271779908295116,-0.014203493721565263
52.321800750312633,-0.053520118455059329
52.371821592330143,-0.090701291720640898
52.421842434347646,-0.12426348557925038
52.471863276365156,-0.15286756928514689
52.521884118382651,-0.17537224057099643
52.571904960400168,-0.19087956358164351
52.621925802417678,-0.19877079649367579
52.671946644435174,-0.19873107929934558
52.721967486452684,-0.19076199671388291
52.771988328470201,-0.17518151494498241
52.822009170487696,-0.15261129484888092
52.872030012505206,-0.12395188767677146
52.922050854522716,-0.09034680310087384
52.972071696540219,-0.053136883205611607
53.022092538557736,-0.01380680291989278
53.072113380575246,0.02607416847768762
53.122134222592742,0.064914781166109603
53.172155064610259,0.1011652956123742
53.222175906627761,0.13337931714243001
53.272196748645278,0.16027150705474991
53.322217590662781,0.18076886760410626
53.372238432680291,0.19405355458653187
53.422259274697787,0.19959550930388029
53.472280116715297,0.19717360789315808
53.522300958732814,0.18688448416370707
53.572321800750323,0.16913867391047771
53.622342642767819,0.14464423454520969
53.672363484785329,0.11437849362271546
53.722384326802846,0.079549053494086253
53.772405168820342,0.041545608001513523
53.822426010837852,0.0018844937265728445
53.872446852855361,-0.037851811803755409
53.922467694872857,-0.076077830933127699
53.972488536890367,-0.11126834639714267
54.022509378907891,-0.14201925745620747
54.07253022092538,-0.16710360348210812
54.122551062942897,-0.18552051965830402
54.172571904960392,-0.19653517146231236
54.222592746977909,-0.19970807454625189
54.272613588995419,-0.19491263015159643
54.322634431012929,-0.18234017639693784
54.372655273030432,-0.16249235389154149
54.422676115047942,-0.13616109028660284
54.472696957065452,-0.10439700238083516
54.522717799082955,-0.068467476534835758
54.572738641100464,-0.029806099984987289
54.622759483117974,0.010044539253414086
54.672780325135477,0.049494401611788752
54.72280116715298,0.086969438509624242
54.772822009170497,0.1209743968559025
54.822842851188,0.15015247961214728
54.872863693205502,0.17333948196244581
54.922884535223005,0.18961024305830243
54.972905377240522,0.1983155599145027
55.022926219258025,0.19910809059317119
55.072947061275542,0.19195621313894864
55.122967903293045,0.17714528729400808
55.172988745310548,0.15526626865131521
55.223009587328065,0.12719212954032577
55.27303042934556,0.094043027451370165
55.32305127136307,0.057141610778407625
55.373072113380573,0.01796024517896877
55.423092955398083,-0.021937733780798219
55.473113797415593,-0.060960397678549438
55.523134639433096,-0.097550743142315932
55.573155481450605,-0.13024881624843909
55.623176323468115,-0.15774996464888658
55.673197165485618,-0.17895689316904795
55.723218007503128,-0.19302344585971085
55.773238849520645,-0.19938836759919609
55.823259691538141,-0.19779769815975623
55.873280533555651,-0.18831490521470612
55.92330137557316,-0.17131835197949602
55.973322217590656,-0.14748620052857198
56.023343059608173,-0.11776935314451054
56.073363901625683,-0.083353511339125386
56.123384743643186,-0.045611866391234823
56.173405585660703,-0.0060503090468395637
56.223426427678206,0.033752655486262384
56.273447269695701,0.072208889859113778
56.323468111713218,0.10778399122446525
56.373488953730714,0.13905851387431378
56.423509795748224,0.16478460509036291
56.473530637765741,0.18393579443794517
56.523551479783251,0.19574794991239208
56.573572321800746,0.19974976678810141
56.623593163818256,0.19578157266574647
56.673614005835773,0.18400169839750535
56.723634847853276,0.16488016068977257
56.773655689870779,0.1391799084473756
56.823676531888282,0.1079263811305694
56.873697373905792,0.072366593744354279
56.923718215923301,0.033919380969326007
56.973739057940818,-0.0058812143088063928
57.023759899958321,-0.045447149274312815
57.073780741975824,-0.083199744052379399
57.123801583993327,-0.11763267099909369
57.173822426010844,-0.1473720571388859
57.223843268028347,-0.17123130166403772
57.273864110045864,-0.18825842127908324
57.323884952063359,-0.19777403431164886
57.373905794080869,-0.19939846802558761
57.423926636098386,-0.19306690755382555
57.473947478115882,-0.17903198201031273
57.523968320133392,-0.15785368459430049
57.573989162150895,-0.13037702887463509
57.624010004168397,-0.097698332768475504
57.674030846185921,-0.061121475482107557
57.724051688203417,-0.022105872761163936
57.774072530220927,0.017791753763159002
57.824093372238437,0.056979489730682453
57.874114214255933,0.093893745397721329
57.92413505627345,0.12706164283118415
57.974155898290959,0.15515978370333106
58.024176740308455,0.17706705285403196
58.074197582325972,0.19190935075936613
58.124218424343482,0.19909447008183051
58.174239266360978,0.19833572472940192
58.224260108378495,0.18966338862388546
58.274280950396005,0.17342348777188987
58.324301792413515,0.15026399383556288
58.374322634431017,0.12110897007846566
58.424343476448527,0.087121701262895646
58.474364318466037,0.049658278615493212
58.52438516048354,0.010213491818956033
58.574406002501043,-0.029638813060996472
58.624426844518545,-0.068308529996734313
58.674447686536062,-0.10425273819177094
58.724468528553572,-0.13603726458427701
58.774489370571082,-0.16239390731861592
58.824510212588578,-0.18227103696934049
58.874531054606095,-0.19487555653086253
58.924551896623605,-0.19970454596897705
58.9745727386411,-0.1965653287186469
59.02459358065861,-0.18558315947442938
59.074614422676113,-0.16719622653085559
59.124635264693616,-0.14213816808004476
59.174656106711133,-0.11140880006504006
59.224676948728636,-0.076234223547024582
59.274697790746146,-0.038017903302010825
59.324718632763656,0.001715330390810399
59.374739474781158,0.041380122441370792
59.424760316798661,0.079393848579522475
59.474781158816178,0.11423976202617181
59.524802000833681,0.14452751165412647
59.574822842851191,0.16904861696546458
59.624843684868708,0.18682468643477962
59.674864526886203,0.19714645530821354
59.724885368903713,0.19960208525050069
59.774906210921223,0.19409359668460091
59.824927052938726,0.18084077817477334
59.874947894956243,0.16037241686801562
59.924968736973746,0.13350519989909071
59.974989578991249,0.10131112859339941
60.025010421008758,0.065074745638985632
60.075031263026254,0.026241881863707239
60.125052105043771,-0.013638032380887677
60.175072947061281,-0.052973789454169307
60.225093789078777,-0.090195893573811303
60.275114631096287,-0.1238191836607011
60.325135473113811,-0.15250209123093605
60.375156315131292,-0.17510016894688246
60.425177157148816,-0.19071175403910859
60.475197999166319,-0.1987139446294155
60.525218841183822,-0.19878745350151725
60.575239683201339,-0.19092934765306152
60.625260525218842,-0.17545316532263444
60.675281367236344,-0.15297640582139516
60.725302209253854,-0.12439589132486029
60.775323051271364,-0.090851983689431037
60.825343893288881,-0.053683084041063589
60.875364735306384,-0.014372230601717551
60.925385577323894,0.025512074500690041
60.975406419341404,0.0643784484304043
61.0254272613589,0.10067612378148794
61.075448103376409,0.13295682416096255
61.125468945393926,0.15993255038267817
61.175489787411422,0.18052697160466558
61.225510629428932,0.1939183709044916
61.275531471446435,0.19957243176489589
61.325552313463938,0.19726355729049164
61.375573155481462,0.1870838715186014
61.425593997498957,0.16943954367205694
61.475614839516467,0.14503458201715547
61.525635681533977,0.11484274395000882
61.575656523551473,0.080068683099598026
61.62567736556899,0.042099883676228078
61.6756982075865,0.00245129988407633
61.725719049603995,-0.03729509071580317
61.775739891621505,-0.075553408073069761
61.825760733639022,-0.11079714622474002
61.875781575656525,-0.14162008084724542
61.925802417674035,-0.16679237757396392
61.975823259691545,-0.18530966235730156
62.025844101709048,-0.19643309596990693
62.075864943726557,-0.19971885367210931
62.125885785744067,-0.19503583380884876
62.175906627761577,-0.18257088876263755
62.22592746977908,-0.16282136954764209
62.275948311796583,-0.13657528151617238
62.3259691538141,-0.10487984296360298
62.375989995831603,-0.068999701142852921
62.426010837849113,-0.030366472868922578
62.476031679866622,0.0094783769584477762
62.526052521884118,0.048945039768043208
62.576073363901614,0.086458796641774693
62.626094205919145,0.12052284956244053
62.676115047936641,0.14977804361945146
62.726135889954151,0.17305709725788815
62.776156731971653,0.18943117678488719
62.826177573989156,0.19824695681232304
62.876198416006673,0.19915268792447513
62.926219258024176,0.19211223147118156
62.976240100041686,0.17740650149938747
63.026260942059203,0.15562225628925852
63.076281784076699,0.12762868671236338
63.126302626094208,0.09454273553667325
63.176323468111718,0.057684531436076103
63.226344310129221,0.018524715887543119
63.276365152146731,-0.02137423538931793
63.326385994164241,-0.060420355176732388
63.376406836181744,-0.097055704213271032
63.426427678199254,-0.12981853293384282
63.476448520216763,-0.15740160524282587
63.526469362234259,-0.17870435720364991
63.576490204251783,-0.19287680951405656
63.626511046269286,-0.19935348166000105
63.676531888286789,-0.197875954575258
63.726552730304299,-0.18850318155568233
63.776573572321794,-0.17160913602437405
63.826594414339311,-0.1478678900008662
63.876615256356821,-0.11822671864318413
63.926636098374317,-0.083868303991548321
63.976656940391848,-0.046163545982707777
64.026677782409337,-0.006616863574609444
64.076698624426854,0.033193831534536478
64.126719466444356,0.071680093545937407
64.176740308461859,0.10730632151030706
64.22676115047939,0.13865102976960308
64.276781992496879,0.16446356520118033
64.326802834514382,0.1837140082483748
64.376823676531885,0.19563426668621325
64.426844518549402,0.19974872248336895
64.476865360566904,0.19589320895011081
64.526886202584407,0.18422156098592929
64.576907044601924,0.16519947707014077
64.626927886619441,0.13958593790357343
64.67694872863693,0.10840292309685329
64.726969570654447,0.072894634207512854
64.776990412671964,0.034477851127257653
64.827011254689452,-0.0053145974022553721
64.877032096706969,-0.044894993620401391
64.927052938724472,-0.082684080648705471
64.977073780741975,-0.11717407480332243
65.027094622759492,-0.14698882612850184
65.077115464777009,-0.17093872674728833
65.127136306794498,-0.18806817618825838
65.177157148812029,-0.19769370982150944
65.227177990829531,-0.19943126908123557
65.27719883284702,-0.19321152539399694
65.327219674864537,-0.17928264638665942
65.37724051688204,-0.15820039400395058
65.427261358899543,-0.13080594962037706
65.477282200917045,-0.098192350922652993
65.527303042934562,-0.061660879731969542
65.577323884952065,-0.022669140889807204
65.627344726969568,0.017227096140805309
65.677365568987099,0.056435972440490256
65.727386411004588,0.093393054766772954
65.777407253022091,0.12662375640386692
65.827428095039608,0.15480217313785816
65.87744893705711,0.17680398680349757
65.927469779074613,0.1917513255529929
65.97749062109213,0.19904779092172004
66.027511463109633,0.19840225411286219
66.07753230512715,0.18984047203008272
66.127553147144653,0.17370405957715768
66.177573989162155,0.15063685923139103
66.227594831179658,0.12155925174433957
66.277615673197189,0.087631432970987855
66.327636515214678,0.05020712208256406
66.377657357232181,0.010779548203619149
66.427678199249684,-0.02907812939518517
66.477699041267201,-0.067775590314874234
66.527719883284703,-0.1037688067746011
66.577740725302206,-0.13562165028399942
66.627761567319723,-0.16206319313605144
66.677782409337212,-0.18203841839255136
66.727803251354729,-0.19475031503558612
66.777824093372246,-0.19969167868801346
66.827844935389749,-0.19666534905612051
66.877865777407251,-0.18579207662122976
66.927886619424768,-0.16750570469781284
66.977907461442271,-0.14253585909549882
67.027928303459774,-0.11187883606683791
67.077949145477291,-0.076757850109786085
67.127969987494794,-0.038574227738153999
67.177990829512297,0.001148505413189449
67.228011671529813,0.040825413225569207
67.278032513547316,0.078873388010172962
67.328053355564819,0.11377431646776326
67.378074197582336,0.14413565237356452
67.428095039599853,0.16874597913870787
67.478115881617342,0.18662334530405739
67.528136723634859,0.19705444437993772
67.578157565652361,0.19962307575854873
67.628178407669864,0.19422675110811205
67.678199249687367,0.18108078365546343
67.728220091704884,0.16070969719284178
67.778240933722387,0.13392629759097752
67.82826177573989,0.10179924186435396
67.878282617757407,0.065610398781009938
67.928303459774895,0.026803702328994095
67.978324301792398,-0.013072461215676068
68.028345143809929,-0.052427033865240391
68.078365985827432,-0.089689769096293337
68.128386827844935,-0.12337388464933119
68.178407669862452,-0.152135385105856
68.228428511879954,-0.17482668727380202
68.278449353897457,-0.19054240873034459
68.328470195914974,-0.19865549255891687
68.378491037932477,-0.19884222690535597
68.42851187994998,-0.19109516107379793
68.478532721967483,-0.17572340280870591
68.528553563985,-0.15334028490345342
68.578574406002502,-0.12483889323602859
68.628595248020005,-0.09135643266392901
68.678616090037522,-0.054228852576655551
68.728636932055039,-0.014937542546650806
68.778657774072528,0.024949775079710412
68.828678616090045,0.063841597267070616
68.878699458107533,0.10018614122457614
68.92872030012505,0.13253326050295777
68.978741142142567,0.15959230580363692
69.02876198416007,0.18028362185522961
69.078782826177573,0.193781625633934
69.12880366819509,0.19954774710637996
69.178824510212593,0.19735191816122843
69.228845352230096,0.18728175232192873
69.278866194247612,0.1697390489686732
69.328887036265115,0.14542376155262549
69.378907878282618,0.11530606947009692
69.428928720300135,0.080587667926974582
69.478949562317638,0.04265382032841647
69.528970404335141,0.003018086301721401
69.578991246352643,-0.036738069297446274
69.629012088370146,-0.075028376795511886
69.679032930387663,-0.11032505382357172
69.72905377240518,-0.14121976379821188
69.779074614422683,-0.16647980851792066
69.829095456440186,-0.18509731279218811
69.879116298457689,-0.19632943863837155
69.929137140475206,-0.19972802449932708
69.979157982492708,-0.19515746687894536
70.029178824510211,-0.18280013091897979
70.079199666527728,-0.16314907403365553
70.129220508545231,-0.13698837293049682
70.179241350562748,-0.10536183896853313
70.229262192580251,-0.069531370109161661
70.279283034597753,-0.030926601217319161
70.329303876615256,0.0089121383358775619
70.379324718632759,0.048395283779047449
70.429345560650276,0.085947458537346755
70.479366402667779,0.12007033172093717
70.529387244685296,0.14940240149217898
70.579408086702799,0.17277331895676673
70.629428928720287,0.18925058505751888
70.679449770737804,0.19817675726441389
70.729470612755307,0.19919568151633824
70.77949145477281,0.19226670275942978
70.829512296790327,0.17766628708333437
70.879533138807844,0.15597699073020566
70.929553980825347,0.12806421611441388
70.979574822842849,0.095041682286938878
71.029595664860366,0.058226987570985766
71.079616506877855,0.019089037420036425
71.129637348895372,-0.020810564875101689
71.179658190912889,-0.059879826121073565
71.229679032930392,-0.096559883712763583
71.279699874947909,-0.12938720421478389
71.329720716965411,-0.15705197831102435
71.3797415589829,-0.17845038216540327
71.429762401000417,-0.19272861996741142
71.479783243017934,-0.19931699036449552
71.529804085035437,-0.19795261753255755
71.57982492705294,-0.18868993991567973
71.629845769070428,-0.17189853813292177
71.679866611087945,-0.14824838872062951
71.729887453105448,-0.11868313208413483
71.779908295122965,-0.084382421268180519
71.829929137140482,-0.046714853827757863
71.879949979157985,-0.0071833648180094078
71.929970821175473,0.032634740279053442
71.979991663193019,0.071150720006363133
72.030012505210507,0.10682778767837919
72.08003334722801,0.1382424291339347
72.130054189245513,0.16414120091765538
72.18007503126303,0.18349074264419785
72.230095873280533,0.19551900805378458
72.280116715298036,0.19974606963941227
72.330137557315552,0.19600326774303758
72.380158399333069,0.18443994007248965
72.430179241350572,0.165517463129916
72.480200083368061,0.13999084330025502
72.530220925385564,0.10887859211463469
72.580241767403095,0.073422087663769342
72.630262609420598,0.035036043641486381
72.680283451438086,-0.0047479376982471067
72.730304293455589,-0.044342476435460632
72.780325135473134,-0.082167751405573419
72.830345977490623,-0.11671453502660667
72.880366819508126,-0.14660441144445968
72.930387661525614,-0.17064477529290917
72.980408503543146,-0.18787641661952542
73.030429345560634,-0.19761179334069481
73.080450187578151,-0.1994624641541658
73.130471029595697,-0.19335458733782748
73.180491871613171,-0.17953186703320412
73.230512713630688,-0.15854582945541462
73.280533555648191,-0.13123381701022696
73.330554397665708,-0.098685578352142422
73.380575239683196,-0.062199787438260046
73.430596081700713,-0.023232226468088424
73.480616923718202,0.016662299791866175
73.530637765735733,0.05589200068193545
73.580658607753236,0.09289161205897889
73.630679449770753,0.126184850299083
73.68070029178827,0.15444331597934557
73.730721133805758,0.17653949698344285
73.780741975823275,0.19159175620899724
73.830762817840764,0.19899950886679996
73.880783659858267,0.19846718580004197
73.930804501875784,0.1900160266864023
73.980825343893287,0.17398323257596848
74.030846185910804,0.151008511576742
74.080867027928292,0.12200855451625248
74.130887869945809,0.088140458999455329
74.180908711963326,0.050755561241077163
74.230929553980829,0.011345517782590742
74.280950395998346,-0.028517211568629186
74.330971238015863,-0.067242104848823203
74.380992080033337,-0.10328403972660682
74.431012922050854,-0.1352049438478784
74.481033764068371,-0.16173117388880676
74.531054606085874,-0.18180433389434097
74.581075448103377,-0.19462350525238462
74.631096290120908,-0.1996772033271888
74.681117132138382,-0.19676378568422923
74.731137974155899,-0.18599949761912488
74.781158816173416,-0.1678138339725111
74.831179658190933,-0.14293240229631665
74.881200500208422,-0.11234797112925465
74.931221342225925,-0.077280858555870857
74.981242184243442,-0.03913024154325484
75.031263026260945,0.00058167118687224573
75.081283868278433,0.040270375250302526
75.131304710295979,0.078352292288170311
75.181325552313453,0.11330795470602961
75.23134639433097,0.14374263239539875
75.281367236348487,0.16844198243213043
75.33138807836599,0.18642050133038041
75.381408920383478,0.19696084660898583
75.431429762401024,0.19964245873918218
75.481450604418512,0.19435834145985922
75.531471446436015,0.18131933092638397
75.581492288453546,0.16104568335243497
75.631513130471021,0.13434631679937559
75.681533972488552,0.10228653536501819
75.73155481450604,0.06614552357472181
75.781575656523543,0.027365306949066581
75.83159649854106,-0.012506784780378033
75.881617340558563,-0.051879856091163967
75.93163818257608,-0.089182922363818196
75.981659024593583,-0.1229275921311056
76.031679866611057,-0.1517674538628363
76.081700708628603,-0.17455179775407192
76.131721550646091,-0.19037152901913956
76.181742392663622,-0.19859544075268593
76.231763234681125,-0.19889539906992376
76.281784076698628,-0.19125943564088033
76.331804918716131,-0.17599222522699576
76.381825760733619,-0.15370292916478201
76.431846602751165,-0.12528088984289565
76.481867444768653,-0.091860145962113782
76.53188828678617,-0.054774184417404004
76.581909128803659,-0.015502734202340607
76.631929970821176,0.024387274742852627
76.681950812838693,0.063304231999258387
76.731971654856181,0.099695351887360673
76.781992496873698,0.13210862957935321
76.832013338891215,0.15925077605751048
76.882034180908704,0.18003882031542151
76.932055022926221,0.19364331987612626
76.98207586494371,0.1995214555270004
77.032096706961255,0.1974386897938441
77.082117548978744,0.18747812498027044
77.132138390996232,0.17003718738830231
77.182159233013763,0.1458117700177427
77.232180075031266,0.11576846645193339
77.282200917048783,0.08110600379685573
77.332221759066272,0.043207413497373781
77.382242601083789,0.0035848484152783966
77.432263443101306,-0.036180752034276842
77.482284285118808,-0.074502741328425159
77.532305127136297,-0.10985207299534605
77.582325969153814,-0.1408183095327713
77.632346811171331,-0.16616589883101673
77.682367653188834,-0.18488347267294741
77.732388495206351,-0.1962242003025236
77.782409337223868,-0.19973558695399757
77.832430179241342,-0.19527752838237086
77.882451021258859,-0.18302790101999677
77.932471863276348,-0.16347546471054591
77.982492705293893,-0.13740036120305443
78.032513547311368,-0.10584298651424329
78.08253438932887,-0.070062479152292467
78.132555231346402,-0.03148648051958014
78.182576073363904,0.0083458279455241868
78.232596915381407,0.047845138071826998
78.28261775739891,0.085435428314099005
78.332638599416413,0.11961684697547281
78.38265944143393,0.14902555625515235
78.432680283451433,0.17248814934441048
78.482701125468949,0.18906846933052437
78.532721967486452,0.19810496183605211
78.582742809503983,0.19923707102251276
78.632763651521472,0.19241962575981725
78.682784493538975,0.17792464195381541
78.732805335556492,0.15633046911752257
78.78282617757398,0.12849871423922421
78.832847019591483,0.095539863684279469
78.882867861609014,0.058768974814816799
78.932888703626517,0.019653205232072368
78.98290954564402,-0.020246726777294444
79.032930387661509,-0.059338814864318357
79.082951229679054,-0.0960632856335496
79.132972071696543,-0.12895483356472903
79.182992913714045,-0.15670108666887361
79.233013755731548,-0.17819497009956964
79.283034597749065,-0.19257887841317431
79.333055439766554,-0.19927889400633897
79.383076281784071,-0.19802768641444454
79.433097123801588,-0.18887517879081989
79.483117965819091,-0.17218655597460936
79.533138807836607,-0.14862769362375361
79.58315964985411,-0.11913858979197944
79.633180491871627,-0.084895859028912057
79.683201333889116,-0.047265785486795941
79.733222175906633,-0.007749808215112397
79.783243017924121,0.032075386222110369
79.833263859941653,0.070620773503299872
79.883284701959155,0.10634839358220716
79.933305543976672,0.13783271525781915
79.983326385994161,0.16381751483556944
80.033347228011678,0.18326599942335337
80.083368070029195,0.19540217494326109
80.133388912046684,0.19974180827756588
80.183409754064186,0.19611174815827337
80.233430596081703,0.1846568338986227
80.283451438099206,0.16583411630839662
80.333472280116723,0.14039462137683689
80.383493122134212,0.10935338435342656
80.433513964151729,0.073948949865636382
80.483534806169246,0.035593954017007601
80.533555648186748,-0.0041812397599820805
80.583576490204265,-0.043789602168847752
80.633597332221768,-0.081650760480851625
80.683618174239257,-0.11625405536951472
80.73363901625676,-0.14621881618248922
80.783659858274291,-0.17034944966794535
80.833680700291794,-0.18768314411706064
80.883701542309296,-0.19752828552903273
80.933722384326813,-0.19949205299302825
80.983743226344302,-0.19349609223323955
81.033764068361819,-0.17977964194316598
81.083784910379322,-0.15888998816680366
81.133805752396839,-0.13166062759867403
81.183826594414342,-0.099178011085080842
81.233847436431844,-0.062738194261253932
81.283868278449361,-0.023795124961596859
81.333889120466864,0.016097369264535866
81.383909962484339,0.055347578835505784
81.433930804501884,0.092389421312383813
81.483951646519373,0.1257449280512416
81.53397248853689,0.15408321511757583
81.583993330554406,0.1762735855238024
81.634014172571923,0.19143064401233337
81.684035014589412,0.19894962430601817
81.734055856606943,0.19853051926794477
81.784076698624446,0.19019005117910961
81.834097540641935,0.17426100452031273
81.884118382659452,0.15137894787867601
81.93413922467694,0.1224568747760385
81.984160066694457,0.088648775249270395
82.034180908711974,0.051303591674505156
82.084201750729463,0.011911395998223551
82.13422259274698,-0.027956064098287992
82.184243434764483,-0.066708077894622742
82.234264276782,-0.10279844095153412
82.284285118799502,-0.13478714863156949
82.334305960816991,-0.16139785225054293
82.384326802834536,-0.18156878535979737
82.434347644852025,-0.19449512820240536
82.484368486869542,-0.1996611200030419
82.534389328887045,-0.19686063781033786
82.584410170904547,-0.1862054207977667
82.63443101292205,-0.16812061187375721
82.684451854939553,-0.14332779448912036
82.73447269695707,-0.11281620147442051
82.784493538974587,-0.077803244673636196
82.834514380992104,-0.039685940239803985
82.884535223009578,1.4832276464704641e-05
82.934556065027095,0.039715012985234832
82.984576907044612,0.077830565609758651
83.034597749062115,0.11284068049647578
83.084618591079632,0.14334845488467662
83.134639433097121,0.16813662929359852
83.184660275114624,0.18621615614723652
83.234681117132141,0.19686566274908227
83.284701959149629,0.19966023403628541
83.33472280116716,0.19448836668019973
83.384743643184649,0.18155641806656031
83.434764485202166,0.16138037264114324
83.484785327219683,0.13476525414199114
83.534806169237186,0.10277300517129628
83.584827011254703,0.066680115710858967
83.634847853272191,0.027926691201441756
83.684868695289708,-0.011941007630275613
83.734889537307211,-0.05133226053830553
83.784910379324728,-0.088675357457887571
83.834931221342217,-0.12248030969991441
83.884952063359734,-0.15139830046487202
83.934972905377251,-0.17427550260123326
83.984993747394753,-0.1901991162815283
84.03501458941227,-0.19853378969447838
84.085035431429773,-0.19894696956689303
84.135056273447262,-0.19142217003140985
84.185077115464779,-0.17625963041272991
84.235097957482267,-0.15406433568505762
84.285118799499813,-0.12572187758617004
84.335139641517301,-0.092363119527680837
84.38516048353479,-0.055319075171854859
84.435181325552307,-0.016067801017413896
84.48520216756981,0.023824578019821185
84.535223009587327,0.062766356954253144
84.58524385160483,0.099203759722099161
84.635264693622346,0.13168293480960147
84.685285535639863,0.15890796389454676
84.735306377657352,0.17979256895663087
84.785327219674869,0.19350345474479089
84.835348061692372,0.19949355723862008
84.885368903709903,0.19752387148946934
84.935389745727392,0.18767298791224876
84.985410587744909,0.17033395653022954
85.035431429762426,0.14619860428783416
85.085452271779914,0.11622993117190838
85.135473113797403,0.081623686535237439
85.185493955814934,0.04376065872507362
85.235514797832437,0.0041515816607194944
85.28553563984994,-0.035623143414261094
85.335556481867442,-0.073976505904636336
85.385577323884959,-0.10937820754889716
85.435598165902448,-0.14041572128375601
85.485619007919965,-0.16585065104108004
85.535639849937468,-0.18466814372164442
85.585660691954985,-0.19611738180979915
85.635681533972488,-0.1997415409751937
85.685702375990004,-0.19539601735234896
85.735723218007493,-0.18325419723147329
85.78574406002501,-0.1638005389500608
85.835764902042527,-0.13781124301609482
85.88578574406003,-0.10632328172612948
85.935806586077533,-0.070593023995363935
85.98582742809505,-0.032046106267074159
86.035848270112552,0.0077794503477756072
86.085869112130055,0.047294607076655448
86.135889954147572,0.084922710095266751
86.185910796165061,0.11916239897785652
86.235931638182606,0.14864751094317008
86.285952480200081,0.17220159071707009
86.335973322217598,0.18888483107047171
86.3859941642351,0.19803157110539235
86.436015006252617,0.19927685610966905
86.486035848270134,0.1925709992409135
86.536056690287623,0.17818156403034924
86.586077532305126,0.15668268860469681
86.636098374322643,0.12893217758790321
86.686119216340145,0.096037275716922221
86.73614005835762,0.059310488803046457
86.786160900375179,0.020217214780524961
86.836181742392668,-0.019682725636374188
86.886202584410185,-0.058797325763180197
86.936223426427688,-0.095565913974596017
86.986244268445191,-0.128521424465458
87.036265110462679,-0.15634893314215492
87.086285952480196,-0.17793812306283896
87.136306794497699,-0.19242758605715785
87.186327636515216,-0.19923919289248443
87.236348478532733,-0.19810116061626112
87.286369320550207,-0.1890588966893828
87.336390162567724,-0.17247318723008581
87.386411004585241,-0.14900580165575161
87.436431846602744,-0.11959308809902558
87.486452688620261,-0.08540861313912973
87.536473530637764,-0.047816336523273772
87.586494372655281,-0.0083161892044637531
87.63651521467277,0.031515773868066144
87.686536056690272,0.070090258304298159
87.736556898707803,0.10586814308228798
87.786577740725292,0.13742189144056227
87.836598582742809,0.16349250956164912
87.886619424760298,0.18303978039555663
87.936640266777843,0.19528376829547822
87.986661108795317,0.19973593843225901
88.036681950812834,0.19621864932213232
88.086702792830351,0.1848722407177229
88.136723634847854,0.16614943405572125
88.186744476865371,0.14079726888168198
88.23676531888286,0.109827295989816
88.286786160900377,0.074475216570421443
88.33680700291788,0.036151577761038167
88.386827844935397,-0.0036145081509686428
88.436848686952914,-0.043236375272739158
88.486869528970416,-0.081133112037759858
88.536890370987933,-0.11579263954023244
88.586911213005422,-0.1458320434476712
88.636932055022911,-0.17005275225059363
88.686952897040456,-0.18748836023730273
88.736973739057944,-0.19744318705893929
88.786994581075433,-0.19952003535955007
88.83701542309295,-0.19363603894077677
88.887036265110453,-0.1800259691212121
88.93705710712797,-0.15923286736680287
88.987077949145473,-0.13208637794860845
89.03709879116299,-0.099669645155999409
89.087119633180507,-0.063276095865286486
89.137140475198024,-0.024357831837390931
89.187161317215498,0.015532309108093223
89.237182159233015,0.054802711285370953
89.287203001250532,0.091886486570994852
89.337223843268035,0.12530399320295438
89.387244685285552,0.15372187345246857
89.43726552730304,0.17600625456576463
89.487286369320543,0.19126799026046001
89.53730721133806,0.19889813764102909
89.587328053355535,0.1985922540065593
89.63734889537308,0.19036254410687303
89.687369737390569,0.17453737317329904
89.737390579408071,0.15174816515414535
89.787411421425588,0.12290420891349774
89.837432263443091,0.089156377627036654
89.887453105460608,0.051851208969671547
89.937473947478097,0.012477178293616831
89.987494789495614,-0.027394691502979018
90.037515631513145,-0.066173513752740609
90.087536473530662,-0.102312014359771
90.13755731554815,-0.13436826799949886
90.187578157565625,-0.16106323090553554
90.237598999583156,-0.18133177468565048
90.287619841600687,-0.19436518491944482
90.337640683618162,-0.19964342884520217
90.387661525635679,-0.19695590465440091
90.437682367653196,-0.18640984449889436
90.487703209670698,-0.16842603593108124
90.537724051688201,-0.14372203248989857
90.587744893705718,-0.11328352333180025
90.637765735723207,-0.078325004256387554
90.687786577740724,-0.040241319352874783
90.737807419758241,-0.00055200675338984428
90.787828261775743,0.039159330902576617
90.837849103793246,0.077308212176295354
90.887869945810763,0.11237249760200152
90.93789078782828,0.14295312301559138
90.987911629845769,0.16782992218221016
91.037932471863286,0.1860103114000779
91.087953313880803,0.19676889356672495
91.137974155898291,0.19967640150683003
91.187994997915808,0.19461682572195166
91.238015839933325,0.18179204316677444
91.2880366819508,0.16171376236386092
91.338057523968317,0.13518310624511554
91.388078365985848,0.10325864736573731
91.438099208003308,0.06721417088447823
91.488120050020854,0.028487850565366624
91.538140892038371,-0.011375134321463976
91.588161734055859,-0.050784251616329823
91.638182576073362,-0.088167078465816728
91.688203418090922,-0.12203204095767006
91.738224260108382,-0.15102792788464003
91.78824510212587,-0.17399780404023379
91.838265944143416,-0.19002517190597024
91.888286786160904,-0.19847053988070201
91.938307628178407,-0.19899693798097726
91.988328470195924,-0.19158336293497288
92.038349312213427,-0.17652561621254426
92.088370154230915,-0.15442450155402099
92.138390996248432,-0.1261618529145796
92.188411838265949,-0.092865349310278344
92.238432680283438,-0.055863520452123616
92.288453522300983,-0.016632738441473394
92.338474364318486,0.023261689441907651
92.388495206335946,0.062227976463508972
92.438516048353478,0.098711368687445233
92.488536890370995,0.13125617962174319
92.538557732388483,0.15856387207544509
92.588578574406,0.17954486976172374
92.638599416423517,0.19336203136628879
92.688620258441006,0.19946405246584192
92.738641100458509,0.19760746256215353
92.78866194247604,0.18786633954872384
92.838682784493542,0.17062935400458334
92.888703626511045,0.14658426124780333
92.938724468528562,0.11669045991396942
92.988745310546051,0.082140711973299307
93.038766152563568,0.044313551556346198
93.088786994581071,0.0047182814742554591
93.138807836598588,-0.035065247927717591
93.18882867861609,-0.073449674761873363
93.238849520633607,-0.10890346130012241
93.288870362651124,-0.14001200229313393
93.338891204668599,-0.16553406768684314
93.38891204668613,-0.18445132767218225
93.438932888703633,-0.19600898402038797
93.488953730721136,-0.19974588651508163
93.538974572738653,-0.19551293283459686
93.58899541475617,-0.18347901773108877
93.639016256773644,-0.164124294134395
93.689037098791161,-0.13822101506087092
93.739057940808692,-0.10680272073649932
93.789078782826195,-0.071123000365983402
93.839099624843698,-0.032605473953248865
93.889120466861215,0.0072130101035605687
93.939141308878703,0.046743695226836857
93.989162150896206,0.084409308009664952
94.039182992913723,0.11870699138770113
94.089203834931226,0.14826826860051512
94.139224676948743,0.17191364538249837
94.189245518966231,0.18869967175606206
94.239266360983734,0.19795658566343627
94.289287203001237,0.19931503645753734
94.339308045018768,0.19272082198362395
94.389328887036285,0.17843705124399045
94.43934972905376,0.15703364635545214
94.489370571071277,0.12936460266976957
94.539391413088794,0.096533914379300811
94.589412255106282,0.059851525174986375
94.639433097123813,0.020781061523507005
94.689453939141316,-0.019118565994136305
94.739474781158805,-0.058255363178146835
94.789495623176308,-0.095067772741134426
94.839516465193867,-0.12808698040716548
94.889537307211341,-0.15599552056664701
94.939558149228844,-0.17767984312354751
94.989578991246361,-0.19227474411774412
95.03959983326385,-0.19919788734258065
95.089620675281353,-0.19817303954633483
95.13964151729887,-0.18924109213197798
95.189662359316372,-0.17275842959116289
95.239683201333904,-0.14938270977186607
95.289704043351406,-0.12004662334520766
95.339724885368923,-0.085920679469719818
95.389745727386398,-0.048366502503722208
95.439766569403929,-0.0088825032250873237
95.489787411421432,0.030955907723375198
95.539808253438935,0.069559178681547373
95.589829095456423,0.10538704004593857
95.63984993747394,0.13700996099045204
95.689870779491443,0.16316618771305136
95.73989162150896,0.18281208738250332
95.789912463526477,0.19516378906399645
95.83993330554398,0.19972846015070378
95.889954147561497,0.19632397037376143
95.939974989579014,0.18508615879521417
95.989995831596502,0.16646341383265101
96.040016673614005,0.14119878257235252
96.090037515631522,0.11030032320751681
96.140058357649025,0.075000883540182306
96.190079199666513,0.036708910383161819
96.240100041684059,-0.0030477474349998035
96.290120883701547,-0.042682800202166193
96.34014172571905,-0.080614810244882373
96.390162567736567,-0.11533029125439886
96.440183409754084,-0.14544409635461442
96.490204251771559,-0.16975468543020522
96.540225093789076,-0.18729206654870739
96.590245935806593,-0.19735649861569657
96.640266777824081,-0.1995464110285069
96.690287619841598,-0.19377442633336209
96.740308461859129,-0.18027084658371534
96.79032930387659,-0.15957446429422861
96.840350145894121,-0.13251106463155105
96.890370987911638,-0.10016047660589333
96.94039182992914,-0.063813487918724432
96.990412671946643,-0.024920342564108022
97.04043351396416,0.014967123872862365
97.090454355981649,0.054257402419226053
97.140475197999152,0.091382811884841431
97.190496040016683,0.12486204930501799
97.240516882034186,0.15335929389379388
97.290537724051688,0.17573750626224788
97.340558566069205,0.19110379626309248
97.390579408086722,0.19884504928644517
97.440600250104197,0.1986523895188583
97.490621092121714,0.19053350408052844
97.540641934139231,0.1748123363093817
97.590662776156705,0.15211616042999099
97.640683618174222,0.12335055332625333
97.690704460191768,0.089663262045127423
97.740725302209242,0.052398408716734735
97.790746144226759,0.013042860112613686
97.840766986244276,-0.026833098303331804
97.890787828261779,-0.065638416727898052
97.940808670279267,-0.10182476386841033
97.990829512296784,-0.13394830532486846
98.040850354314287,-0.16072731254837858
98.090871196331804,-0.1810933037804987
98.140892038349307,-0.1942336764499655
98.190912880366824,-0.19962412999607665
98.240933722384312,-0.19704958544925416
98.290954564401829,-0.18661276707637675
98.340975406419332,-0.1687301036849605
98.390996248436849,-0.14411511312399927
98.441017090454366,-0.11374993293806479
98.491037932471869,-0.078846133102492222
98.541058774489358,-0.040796374410114078
98.591079616506903,-0.0011188413380311957
98.641100458524406,0.038603333477132074
98.69112130054188,0.07678523619425015
98.741142142559411,0.11190340979274116
98.791162984576928,0.14255663997167656
98.841183826594417,0.16752186356776988
98.891204668611934,0.18580296874652996
98.941225510629451,0.19667053984123276
98.991246352646925,0.19969096102056605
99.041267194664442,0.19474371755066111
99.091288036681959,0.18202620432963468
99.141308878699462,0.1620458498358206
99.191329720716951,0.13559986974387161
99.241350562734496,0.10374345803759022
99.291371404751985,0.067747684794918994
99.341392246769487,0.029048780521947815
99.391413088787004,-0.010809169410819774
99.441433930804507,-0.050235833738251023
99.491454772821996,-0.087658089480742163
99.541475614839513,-0.12158278951413637
99.591496456857058,-0.15065633910468124
99.641517298874518,-0.17371870430743264
99.69153814089205,-0.18984969729310278
99.741558982909567,-0.19840569182069584
99.791579824927041,-0.19904530390990166
99.841600666944586,-0.19174301305334837
99.891621508962075,-0.17679018048455764
99.941642350979564,-0.15478342387128374
99.991663192997081,-0.12660081228509379
