timestamp,x,y,z,g,raw_x,raw_y,raw_z
1435297045712,-0.875,0.8125,0.25,1.219951330996446,-0.875,-0.8125,0.25
1435297045714,-0.375,0.875,0.1875,0.9702609185162515,-0.375,-0.875,0.1875
1435297045907,-0.3125,1.6875,0.125,1.7207374872420256,-0.3125,-1.6875,0.125
1435297046107,-0.25,0.4375,0.375,0.6281172263200556,-0.25,-0.4375,0.375
1435297046305,-0.75,1.0625,0.375,1.353525489231732,-0.75,-1.0625,0.375
1435297046504,3.1875,1.75,0.3125,3.649700330164108,3.1875,-1.75,0.3125
1435297046702,-0.4375,1,0.3125,1.1353688827865593,-0.4375,-1,0.3125
1435297046901,-0.375,0.8125,0.0625,0.8970437559004577,-0.375,-0.8125,0.0625
1435297047298,0,2.1875,0.25,2.201739369226067,0,-2.1875,0.25
1435297047300,0.1875,0.4375,0.4375,0.6465050270492876,0.1875,-0.4375,0.4375
1435297047696,-0.75,1.375,-0.375,1.6105123408406408,-0.75,-1.375,-0.375
1435297047895,-0.375,2,0.0625,2.035812184362791,-0.375,-2,0.0625
1435297047898,-0.4375,0.875,0.0625,0.9802741963348827,-0.4375,-0.875,0.0625
1435297048094,-0.625,0.875,0.1875,1.0915155747858112,-0.625,-0.875,0.1875
1435297048292,-1.25,1,0.125,1.6056540723331412,-1.25,-1,0.125
1435297048491,-0.125,0.3125,0.1875,0.385275875185561,-0.125,-0.3125,0.1875
1435297048690,-1.1875,1,-0.5625,1.6512306017028633,-1.1875,-1,-0.5625
1435297048889,-0.3125,2.25,0.25,2.285313162347778,-0.3125,-2.25,0.25
1435297049088,-0.3125,1,0.0625,1.0495534764841665,-0.3125,-1,0.0625
1435297049485,-0.6875,0.625,0.3125,0.9802741963348827,-0.6875,-0.625,0.3125
1435297049486,-0.875,-0.3125,0.1875,0.9478594305064438,-0.875,0.3125,0.1875
1435297049684,-0.4375,0.8125,0.1875,0.9416574483324602,-0.4375,-0.8125,0.1875
1435297049882,-0.875,0.9375,0.1875,1.2960275845829825,-0.875,-0.9375,0.1875
1435297050082,-0.625,0.875,0.1875,1.0915155747858112,-0.625,-0.875,0.1875
1435297050280,-0.375,0.6875,0,0.7831227553838542,-0.375,-0.6875,0
1435297050478,-0.125,2.5625,0.1875,2.5723894534070846,-0.125,-2.5625,0.1875
1435297050877,-0.3125,0.5,0.5,0.7730823048033113,-0.3125,-0.5,0.5
1435297050879,-0.875,1.3125,1.625,2.2647088664991797,-0.875,-1.3125,1.625
1435297051075,1.25,1.9375,0.0625,2.3065802609057418,1.25,-1.9375,0.0625
1435297051273,-0.5,1.0625,0,1.174268389253496,-0.5,-1.0625,0
1435297051473,-0.3125,0.75,0.1875,0.8338540040078959,-0.3125,-0.75,0.1875
1435297051671,-0.8125,1.3125,0.125,1.5486889616704833,-0.8125,-1.3125,0.125
1435297051870,-0.125,0.25,0.375,0.46770717334674267,-0.125,-0.25,0.375
1435297052068,-1.1875,1.1875,0.25,1.6978847134007655,-1.1875,-1.1875,0.25
1435297052267,1.1875,1.4375,0.125,1.8687395484657567,1.1875,-1.4375,0.125
1435297052665,-0.375,1.0625,0.25,1.1541365820387117,-0.375,-1.0625,0.25
1435297052865,-0.5625,0.8125,0.25,1.0193441518937556,-0.5625,-0.8125,0.25
1435297052867,-0.625,-0.25,0.1875,0.6987712429686843,-0.625,0.25,0.1875
1435297053062,-0.75,1.0625,0.125,1.3065340600229296,-0.75,-1.0625,0.125
1435297053263,-0.8125,0.625,-0.0625,1.0269797953221864,-0.8125,-0.625,-0.0625
1435297053659,-0.5625,1.1875,0.25,1.3375584099395434,-0.5625,-1.1875,0.25
1435297053660,-0.5,0.6875,0.125,0.85923294280422,-0.5,-0.6875,0.125
1435297054255,-0.5625,1.1875,0.5,1.405902734900249,-0.5625,-1.1875,0.5
1435297054257,-0.125,0.625,0.8125,1.032669477616144,-0.125,-0.625,0.8125
1435297054259,-0.5,0.9375,0.875,1.3764197215965774,-0.5,-0.9375,0.875
1435297054455,-2.0625,0.8125,-0.0625,2.2176493749012716,-2.0625,-0.8125,-0.0625
1435297054653,-0.4375,1.125,0.0625,1.2086924753633572,-0.4375,-1.125,0.0625
1435297055249,-0.375,0.875,0.0625,0.9540210951546092,-0.375,-0.875,0.0625
1435297055250,0.1875,1.9375,0.1875,1.9555609808952519,0.1875,-1.9375,0.1875
1435297055251,-0.125,0.25,0.75,0.8003905296791061,-0.125,-0.25,0.75
1435297055449,-0.4375,1.5,-0.75,1.733178077982756,-0.4375,-1.5,-0.75
1435297055647,-0.1875,1.5,0.1875,1.5232572008692427,-0.1875,-1.5,0.1875
1435297056044,-0.25,1,0.25,1.0606601717798212,-0.25,-1,0.25
1435297056046,-0.125,1.125,0.375,1.192424001771182,-0.125,-1.125,0.375
1435297056243,0.1875,2.625,0,2.6316879089284124,0.1875,-2.625,0
1435297056839,-0.3125,0.75,0.1875,0.8338540040078959,-0.3125,-0.75,0.1875
1435297056840,-0.875,0.8125,0.875,1.4803399102908763,-0.875,-0.8125,0.875
1435297056842,0.1875,2.375,0.25,2.3954709870921,0.1875,-2.375,0.25
1435297057038,-0.25,1,0.125,1.0383279828647594,-0.25,-1,0.125
1435297057236,-0.625,1.25,-0.0625,1.398939330349962,-0.625,-1.25,-0.0625
1435297057435,-0.0625,-0.3125,0.0625,0.3247595264191645,-0.0625,0.3125,0.0625
1435297057634,-0.8125,1.25,0.25,1.511673327805978,-0.8125,-1.25,0.25
1435297057833,2.5,2.125,0.0625,3.281696398206269,2.5,-2.125,0.0625
1435297058031,-0.5,1,0.3125,1.1608859763129193,-0.5,-1,0.3125
1435297058230,-0.3125,0.9375,-0.125,0.9960860906568267,-0.3125,-0.9375,-0.125
1435297058429,-0.125,0.625,-0.125,0.649519052838329,-0.125,-0.625,-0.125
1435297058628,-0.125,0.9375,0.3125,0.9960860906568267,-0.125,-0.9375,0.3125
1435297059025,-1.375,0.75,0.1875,1.5774286830154953,-1.375,-0.75,0.1875
1435297059027,-0.8125,0.9375,0.125,1.2468710839537502,-0.8125,-0.9375,0.125
1435297059224,-0.5,0.6875,0.1875,0.8705242673240075,-0.5,-0.6875,0.1875
1435297059423,-0.5625,2,0.1875,2.0860399085348296,-0.5625,-2,0.1875
1435297059621,-0.1875,0.0625,0.9375,0.9581068572972432,-0.1875,-0.0625,0.9375
1435297060217,-1.4375,1.4375,0.0625,2.0338925119091225,-1.4375,-1.4375,0.0625
1435297060219,-0.3125,1.75,0.125,1.7820721786729066,-0.3125,-1.75,0.125
1435297060221,-0.375,0.8125,0.25,0.9291292967074066,-0.375,-0.8125,0.25
1435297060417,-0.6875,0.4375,0,0.8149003006503311,-0.6875,-0.4375,0
1435297060615,-1.3125,-1,0.1875,1.660666281948303,-1.3125,1,0.1875
1435297060814,-0.875,1.0625,0.0625,1.3778379803155376,-0.875,-1.0625,0.0625
1435297061013,-0.4375,0.875,0.125,0.9862333648787187,-0.4375,-0.875,0.125
1435297061609,-0.6875,0.8125,0.3125,1.109264959331178,-0.6875,-0.8125,0.3125
1435297061808,-0.3125,0.875,0.25,0.9621752698962908,-0.3125,-0.875,0.25
1435297061810,-0.625,1.5,0,1.625,-0.625,-1.5,0
1435297061811,-0.0625,-0.4375,0.3125,0.5412658773652742,-0.0625,0.4375,0.3125
1435297062007,-1.0625,1.25,1.0625,1.9545619713889861,-1.0625,-1.25,1.0625
1435297062602,2.8125,1.0625,0.125,3.0091007793026807,2.8125,-1.0625,0.125
1435297062604,-0.4375,1.0625,0.3125,1.190784930203603,-0.4375,-1.0625,0.3125
1435297062606,-0.375,1,0,1.0680004681646913,-0.375,-1,0
1435297063596,-0.0625,0.5625,-0.125,0.5796011559684815,-0.0625,-0.5625,-0.125
1435297063598,-0.25,0.625,0.5,0.8385254915624212,-0.25,-0.625,0.5
1435297063600,-1.375,0.75,0.3125,1.5971165423975797,-1.375,-0.75,0.3125
1435297063794,-0.8125,0.875,0.25,1.219951330996446,-0.8125,-0.875,0.25
1435297110108,1.5625,1.6875,0.1875,2.3074268677468415,1.5625,-1.6875,0.1875
1435297110304,-0.4375,1.125,0.25,1.2326926827072513,-0.4375,-1.125,0.25
1435297110701,-0.4375,0.8125,0.0625,0.9249155366842964,-0.4375,-0.8125,0.0625
1435297110702,0.125,1.8125,-0.0625,1.8178799465311233,0.125,-1.8125,-0.0625
1435297110900,0,0.4375,0.625,0.7629097259833564,0,-0.4375,0.625
1435297111098,-1.5625,0.8125,-0.0625,1.7622340224839605,-1.5625,-0.8125,-0.0625
1435297111297,-1,1.125,0.1875,1.5168326374389496,-1,-1.125,0.1875
1435297111496,-0.375,0.875,0.1875,0.9702609185162515,-0.375,-0.875,0.1875
1435297111695,-0.625,1.125,0.625,1.4306903927824497,-0.625,-1.125,0.625
1435297111893,-0.25,-0.0625,1,1.032669477616144,-0.25,0.0625,1
1435297112092,-1.4375,2,0.25,2.475662790042295,-1.4375,-2,0.25
1435297112291,-0.3125,1,0.1875,1.0643366478704002,-0.3125,-1,0.1875
1435297112489,-0.3125,0.9375,0.375,1.0569709078304852,-0.3125,-0.9375,0.375
1435297112688,-0.375,0.9375,-0.25,1.0402073110683274,-0.375,-0.9375,-0.25
1435297113086,-0.1875,-0.375,0.3125,0.5229125165837972,-0.1875,0.375,0.3125
1435297113087,-1.375,1.125,0.75,1.928406077567689,-1.375,-1.125,0.75
1435297113285,1.625,1.375,0.125,2.1323402636539974,1.625,-1.375,0.125
1435297113484,-0.4375,1,0.25,1.1197795541980573,-0.4375,-1,0.25
1435297113682,-0.3125,0.9375,0.0625,0.9901862198596787,-0.3125,-0.9375,0.0625
1435297113881,-0.1875,1.625,-0.25,1.6547752868592158,-0.1875,-1.625,-0.25
1435297114079,0.0625,0.5,0.5,0.7098635432250342,0.0625,-0.5,0.5
1435297114278,-1.3125,1.125,0.4375,1.7831678272108882,-1.3125,-1.125,0.4375
1435297114477,0.0625,1.875,0.1875,1.8853878911247945,0.0625,-1.875,0.1875
1435297114676,-0.3125,0.875,0.25,0.9621752698962908,-0.3125,-0.875,0.25
1435297114874,-0.5625,0.875,0.8125,1.3199195051214296,-0.5625,-0.875,0.8125
1435297115271,0,-0.0625,0.125,0.13975424859373686,0,0.0625,0.125
1435297115669,-0.25,0.9375,0.375,1.0402073110683274,-0.25,-0.9375,0.375
1435297115672,-1.375,0.75,0.125,1.571225636247067,-1.375,-0.75,0.125
1435297115673,-0.6875,1.5625,0.1875,1.7173289580042608,-0.6875,-1.5625,0.1875
1435297115869,-0.375,0.875,0.375,1.0231690964840563,-0.375,-0.875,0.375
1435297116265,-0.5625,1.125,0.6875,1.4334181176474643,-0.5625,-1.125,0.6875
1435297116266,-1.4375,-0.6875,0,1.5934435979977453,-1.4375,0.6875,0
1435297116464,-0.1875,0.625,0.125,0.6643841132959156,-0.1875,-0.625,0.125
1435297116663,-1.6875,0.875,0.125,1.9049688317660214,-1.6875,-0.875,0.125
1435297117060,-0.75,0.6875,0.0625,1.0193441518937556,-0.75,-0.6875,0.0625
1435297117260,-0.625,0.8125,0.0625,1.0269797953221864,-0.625,-0.8125,0.0625
1435297117262,-0.4375,-0.625,0.375,0.8500919067959652,-0.4375,0.625,0.375
1435297117458,-1.125,1.375,-0.125,1.7809758560968758,-1.125,-1.375,-0.125
1435297117657,1.125,1.9375,0.125,2.24391538387703,1.125,-1.9375,0.125
1435297117856,-0.4375,1,0,1.0915155747858112,-0.4375,-1,0
1435297118055,-0.625,0.8125,0.1875,1.0420832500333166,-0.625,-0.8125,0.1875
1435297118255,0.0625,2,0.3125,2.025231468252456,0.0625,-2,0.3125
1435297118452,-0.125,0.5,0.9375,1.0698276730389806,-0.125,-0.5,0.9375
1435297118652,-1.875,1.375,-0.125,2.3284920012746446,-1.875,-1.375,-0.125
1435297118851,-0.3125,0.9375,0.1875,1.0058423087144426,-0.3125,-0.9375,0.1875
1435297119247,-0.3125,1,0.1875,1.0643366478704002,-0.3125,-1,0.1875
1435297119251,-0.1875,1,0.75,1.2639842760097928,-0.1875,-1,0.75
1435297119446,-0.0625,1.5625,0.5625,1.6618419750385414,-0.0625,-1.5625,0.5625
1435297119645,-0.25,0.3125,0.75,0.8500919067959652,-0.25,-0.3125,0.75
1435297119843,-0.8125,1.625,0.5625,1.9018905068378673,-0.8125,-1.625,0.5625
1435297120042,-0.625,1.6875,0.125,1.8038587112077265,-0.625,-1.6875,0.125
1435297120439,-0.25,1,0.1875,1.0476909133900132,-0.25,-1,0.1875
1435297120442,-0.25,1,0.125,1.0383279828647594,-0.25,-1,0.125
1435297120638,-0.875,0.8125,0.75,1.4100642715848097,-0.875,-0.8125,0.75
1435297120837,0.6875,-0.375,0.0625,0.7856128181235335,0.6875,0.375,0.0625
1435297121036,-0.5625,0.8125,0.1875,1.0058423087144426,-0.5625,-0.8125,0.1875
1435297121234,-0.75,1,0.375,1.3050383136138188,-0.75,-1,0.375
1435297121433,-0.5625,0.9375,0.3125,1.1370878374162658,-0.5625,-0.9375,0.3125
1435297121632,-0.3125,0.875,0.1875,0.9478594305064438,-0.3125,-0.875,0.1875
1435297121830,-0.6875,0.75,0.25,1.0476909133900132,-0.6875,-0.75,0.25
1435297122029,-1.125,-0.25,0.25,1.1792476415070754,-1.125,0.25,0.25
1435297122228,-0.4375,0.75,0.375,0.9457966219013473,-0.4375,-0.75,0.375
1435297122427,-1.375,0.6875,0.5,1.6165646445471953,-1.375,-0.6875,0.5
1435297122625,-0.375,1,0.25,1.0968705484240153,-0.375,-1,0.25
1435297122824,-0.375,0.8125,0.25,0.9291292967074066,-0.375,-0.8125,0.25
1435297123023,-0.5,1.5,0.0625,1.5823736126465204,-0.5,-1.5,0.0625
1435297123222,-0.5625,-0.1875,0.25,0.6434768838116876,-0.5625,0.1875,0.25
1435297123420,-0.8125,1.1875,0.1875,1.4510233457804875,-0.8125,-1.1875,0.1875
1435297123619,-0.5625,0.875,0.25,1.0698276730389806,-0.5625,-0.875,0.25
1435297123818,-0.5625,0.5625,0.3125,0.854674645698584,-0.5625,-0.5625,0.3125
1435297124414,-0.3125,0.8125,0.25,0.9057110466368399,-0.3125,-0.8125,0.25
1435297124416,-0.625,1.5,0.75,1.7897276329095442,-0.625,-1.5,0.75
1435297124417,0.1875,0.125,0.6875,0.7234898064243891,0.1875,-0.125,0.6875
1435297124613,-1.0625,1.625,-0.875,2.1295906296751026,-1.0625,-1.625,-0.875
1435297124812,0.5625,2.1875,0.125,2.2621201338567323,0.5625,-2.1875,0.125
1435297125010,-0.3125,0.9375,0.1875,1.0058423087144426,-0.3125,-0.9375,0.1875
1435297125408,-0.3125,1,0.0625,1.0495534764841665,-0.3125,-1,0.0625
1435297125409,-0.4375,1.5625,0,1.6225943732183963,-0.4375,-1.5625,0
1435297125607,0.375,-0.1875,0.3125,0.5229125165837972,0.375,0.1875,0.3125
1435297126600,-0.875,1.25,1.625,2.229069312515876,-0.875,-1.25,1.625
1435297126800,1.625,1.5,0.3125,2.2334460481507046,1.625,-1.5,0.3125
1435297126801,-0.25,1.1875,0.3125,1.2531211034852139,-0.25,-1.1875,0.3125
1435297126998,-0.3125,0.875,-0.0625,0.9312290266094587,-0.3125,-0.875,-0.0625
1435297127396,0,1.625,-0.125,1.6298006013006623,0,-1.625,-0.125
1435297127595,0.125,0.375,0.125,0.414578098794425,0.125,-0.375,0.125
1435297127596,-1,1.1875,-0.75,1.7241392780167153,-1,-1.1875,-0.75
1435297127597,-0.0625,2.3125,0.1875,2.320930578453393,-0.0625,-2.3125,0.1875
1435297127991,-0.3125,0.875,0.375,1.0019512213675874,-0.3125,-0.875,0.375
1435297127993,-0.3125,1,-0.0625,1.0495534764841665,-0.3125,-1,-0.0625
1435297127994,-0.0625,0.625,-0.0625,0.6312190586476298,-0.0625,-0.625,-0.0625
1435297128587,-0.1875,0.625,0.5625,0.8615030470056388,-0.1875,-0.625,0.5625
1435297129383,-1.375,0.9375,0.375,1.7059180079945226,-1.375,-0.9375,0.375
1435297129385,0.0625,2.125,0.25,2.1405679736929635,0.0625,-2.125,0.25
1435297129386,-0.1875,0.9375,0.1875,0.9742785792574935,-0.1875,-0.9375,0.1875
1435297175894,-1.25,1.3125,0.5,1.8802011195614154,-1.25,-1.3125,0.5
1435297176091,0.9375,1.4375,0.1875,1.7264034146166416,0.9375,-1.4375,0.1875
1435297176289,-0.4375,1,0.125,1.0986497394529342,-0.4375,-1,0.125
1435297176488,-0.5625,0.8125,0.1875,1.0058423087144426,-0.5625,-0.8125,0.1875
1435297176687,-0.25,0.25,0.1875,0.40019526483955303,-0.25,-0.25,0.1875
1435297177282,-0.3125,0.8125,0.3125,0.9249155366842964,-0.3125,-0.8125,0.3125
1435297177284,-1,0.9375,-0.0625,1.3721561500062593,-1,-0.9375,-0.0625
1435297177285,-0.6875,1.125,0.25,1.341931909598993,-0.6875,-1.125,0.25
1435297177482,-0.375,0.875,0.25,0.9842509842514764,-0.375,-0.875,0.25
1435297177680,-0.5,1.375,0.75,1.6441183047457382,-0.5,-1.375,0.75
1435297178077,-0.0625,0.0625,0.625,0.6312190586476298,-0.0625,-0.0625,0.625
1435297178079,-0.75,1.4375,-0.5,1.6967339950622784,-0.75,-1.4375,-0.5
1435297178276,-0.125,2.4375,0.1875,2.4478945034457675,-0.125,-2.4375,0.1875
1435297178477,-0.375,0.9375,0.125,1.0174262872562316,-0.375,-0.9375,0.125
1435297178873,-0.4375,0.8125,0.25,0.9560661587986472,-0.4375,-0.8125,0.25
1435297178874,-0.125,0.875,0,0.8838834764831844,-0.125,-0.875,0
1435297179073,-0.25,0.8125,0.0625,0.852386356061616,-0.25,-0.8125,0.0625
1435297179270,-0.9375,0.9375,0.25,1.3491895715576814,-0.9375,-0.9375,0.25
1435297179469,-0.5625,0.8125,0.25,1.0193441518937556,-0.5625,-0.8125,0.25
1435297179668,-0.375,0.8125,-0.0625,0.8970437559004577,-0.375,-0.8125,-0.0625
1435297179866,-0.125,1.8125,-0.125,1.8211002855416831,-0.125,-1.8125,-0.125
1435297180065,0,0.4375,0.4375,0.6187184335382291,0,-0.4375,0.4375
1435297180264,-1.8125,0.875,0.3125,2.0367713421000406,-1.8125,-0.875,0.3125
1435297180463,-0.375,1.75,0.25,1.80710403685012,-0.375,-1.75,0.25
1435297180662,-0.375,0.8125,0,0.8948638164547721,-0.375,-0.8125,0
1435297180860,-0.625,1.0625,0.75,1.4429245475768995,-0.625,-1.0625,0.75
1435297181257,-0.625,-0.3125,0.1875,0.7234898064243891,-0.625,0.3125,0.1875
1435297181456,-0.8125,0.75,0.1875,1.1215224028078976,-0.8125,-0.75,0.1875
1435297181655,-0.5625,1.5,0.5,1.678215197762194,-0.5625,-1.5,0.5
1435297181853,-0.5625,1.5,0.25,1.6213902213841058,-0.5625,-1.5,0.25
1435297182053,-0.3125,0.875,0.3125,0.9802741963348827,-0.3125,-0.875,0.3125
1435297182250,-0.625,1,-0.0625,1.180902726730699,-0.625,-1,-0.0625
1435297182648,-0.4375,0.1875,0.1875,0.5115845482420281,-0.4375,-0.1875,0.1875
1435297182649,-0.3125,0.375,0.25,0.5484352742120077,-0.3125,-0.375,0.25
1435297182847,-1.3125,1.125,-0.1875,1.7388034679054445,-1.3125,-1.125,-0.1875
1435297183045,0,2.375,0.125,2.378287198805056,0,-2.375,0.125
1435297183245,-0.375,0.9375,-0.125,1.0174262872562316,-0.375,-0.9375,-0.125
1435297183443,-0.4375,1.625,0.3125,1.7116329922036442,-0.4375,-1.625,0.3125
1435297183840,0.125,-0.25,0.25,0.375,0.125,0.25,0.25
1435297184437,-1.1875,1.375,-0.25,1.8339250938901512,-1.1875,-1.375,-0.25
1435297184438,-0.375,2.3125,0.1875,2.350199459620396,-0.375,-2.3125,0.1875
1435297184441,-0.3125,1,0.125,1.0551214385083834,-0.3125,-1,0.125
1435297184636,-0.5625,0.875,1.25,1.626201478907211,-0.5625,-0.875,1.25
1435297184837,-0.875,0.4375,1.125,1.4908575552345704,-0.875,-0.4375,1.125
1435297184838,-0.375,0.8125,0.875,1.2515615246562992,-0.375,-0.8125,0.875
1435297185036,-1.6875,1.375,0.25,2.191068517869763,-1.6875,-1.375,0.25
1435297185232,-0.75,0.8125,0.25,1.1336473217010659,-0.75,-0.8125,0.25
1435297185430,-0.1875,1,0.25,1.0476909133900132,-0.1875,-1,0.25
1435297185629,-0.125,0.9375,0.75,1.207075494739248,-0.125,-0.9375,0.75
1435297185828,0.25,1.9375,0.6875,2.0710051907226115,0.25,-1.9375,0.6875
1435297186027,-0.125,0.25,1.375,1.403121520040228,-0.125,-0.25,1.375
1435297186424,-0.9375,2.125,0.5625,2.389756786788145,-0.9375,-2.125,0.5625
1435297186426,0,0.625,0.1875,0.6525191568069094,0,-0.625,0.1875
1435297186623,-0.0625,1,0.1875,1.0193441518937556,-0.0625,-1,0.1875
1435297186823,-0.25,0.875,-0.1875,0.9291292967074066,-0.25,-0.875,-0.1875
1435297187021,0.0625,2.25,-0.0625,2.2517354418314777,0.0625,-2.25,-0.0625
1435297187219,0.1875,0.8125,0.375,0.9142961773954871,0.1875,-0.8125,0.375
1435297187418,-1.25,0.8125,0.3125,1.5232572008692427,-1.25,-0.8125,0.3125
1435297187617,-0.625,0.75,0.25,1.0077822185373186,-0.625,-0.75,0.25
1435297188014,-0.375,0.9375,0.1875,1.0269797953221864,-0.375,-0.9375,0.1875
1435297188016,0.0625,1.5625,0.0625,1.5649980031936144,0.0625,-1.5625,0.0625
1435297188213,-0.1875,0.875,0.25,0.9291292967074066,-0.1875,-0.875,0.25
1435297188412,-1.375,0.8125,0.125,1.602000702247037,-1.375,-0.8125,0.125
1435297188610,-0.625,1.0625,0.25,1.2577882373436318,-0.625,-1.0625,0.25
1435297188809,-0.3125,0.9375,0.25,1.0193441518937556,-0.3125,-0.9375,0.25
1435297189008,-0.5,1.25,0,1.346291201783626,-0.5,-1.25,0
1435297189207,-0.375,-0.75,0.1875,0.85923294280422,-0.375,0.75,0.1875
1435297189605,-0.8125,1.5,1,1.9774115024445469,-0.8125,-1.5,1
1435297189607,1.25,1.75,0.25,2.165063509461097,1.25,-1.75,0.25
1435297189803,-0.4375,1,0.25,1.1197795541980573,-0.4375,-1,0.25
1435297190002,-0.375,0.6875,0.3125,0.8431710977020026,-0.375,-0.6875,0.3125
1435297190201,0.25,3.125,0.25,3.144936406352281,0.25,-3.125,0.25
1435297190400,-0.3125,0.8125,1.1875,1.4724023736737184,-0.3125,-0.8125,1.1875
1435297190598,-1.5,1,0.0625,1.8038587112077265,-1.5,-1,0.0625
1435297190799,-0.8125,1.1875,0.0625,1.4402148277253641,-0.8125,-1.1875,0.0625
1435297190996,-0.3125,0.9375,0.1875,1.0058423087144426,-0.3125,-0.9375,0.1875
1435297191394,-0.3125,0.9375,0.125,0.9960860906568267,-0.3125,-0.9375,0.125
1435297191395,-0.625,2.125,0.25,2.229069312515876,-0.625,-2.125,0.25
1435297191592,0.75,0.0625,0.25,0.793036096278095,0.75,-0.0625,0.25
1435297191990,-0.5,0.875,0.375,1.0752906583803283,-0.5,-0.875,0.375
1435297191991,-1.75,0.75,0.25,1.920286436967152,-1.75,-0.75,0.25
1435297192785,-0.4375,0.9375,0.25,1.0643366478704002,-0.4375,-0.9375,0.25
1435297193381,-0.375,0.9375,0.0625,1.0116508785149154,-0.375,-0.9375,0.0625
1435297193383,-0.3125,2.25,0,2.271597730673281,-0.3125,-2.25,0
1435297193384,0.0625,0.375,0.1875,0.42389562394532926,0.0625,-0.375,0.1875
1435297194374,-1,1.1875,0.1875,1.5637495003996005,-1,-1.1875,0.1875
1435297194376,0.875,1.6875,0.25,1.9172327062722458,0.875,-1.6875,0.25
1435297194970,-0.25,1.0625,0.1875,1.1075028216668343,-0.25,-1.0625,0.1875
1435297194972,-0.4375,0.6875,0.1875,0.8361930100162283,-0.4375,-0.6875,0.1875
1435297194975,-0.3125,0.4375,-0.0625,0.5412658773652742,-0.3125,-0.4375,-0.0625
1435297195169,-0.1875,0.8125,0.25,0.8705242673240075,-0.1875,-0.8125,0.25
1435297195170,-1.0625,0.9375,0.5,1.5026019100214134,-1.0625,-0.9375,0.5
1435297195172,-0.0625,1.75,0.1875,1.7611253504506714,-0.0625,-1.75,0.1875
1435297326793,-1,-0.375,0.1875,1.084334473306092,-1,0.375,0.1875
1435297326989,-0.9375,1.4375,1.6875,2.406858689246213,-0.9375,-1.4375,1.6875
1435297327188,2.875,1.8125,0.1875,3.4038122010475256,2.875,-1.8125,0.1875
1435297327583,-0.4375,1.0625,0.1875,1.1642460006373223,-0.4375,-1.0625,0.1875
1435297327585,-0.5,0.75,0.3125,0.9540210951546092,-0.5,-0.75,0.3125
1435297327783,0.0625,2.1875,0.375,2.2202899585414513,0.0625,-2.1875,0.375
1435297328181,-0.125,0.6875,0.6875,0.9802741963348827,-0.125,-0.6875,0.6875
1435297328379,-1.875,0.9375,0.375,2.1295906296751026,-1.875,-0.9375,0.375
1435297328381,-0.1875,1.125,0.25,1.1675963557668378,-0.1875,-1.125,0.25
1435297328578,-0.1875,0.9375,0.25,0.9882117688026185,-0.1875,-0.9375,0.25
1435297328777,-0.5,1.125,-0.125,1.2374368670764582,-0.5,-1.125,-0.125
1435297328975,-0.875,-0.625,0.3125,1.1197795541980573,-0.875,0.625,0.3125
1435297329176,-0.8125,1.4375,-1,1.9304306514350627,-0.8125,-1.4375,-1
1435297329373,-0.375,1,0.25,1.0968705484240153,-0.375,-1,0.25
1435297329572,-0.4375,1,0.25,1.1197795541980573,-0.4375,-1,0.25
1435297329770,-0.375,0.875,0.0625,0.9540210951546092,-0.375,-0.875,0.0625
1435297329972,-0.1875,1.625,-0.125,1.640550593550836,-0.1875,-1.625,-0.125
1435297330168,-0.125,0.5,0.375,0.6373774391990981,-0.125,-0.5,0.375
1435297330367,-1.75,0.875,0.4375,2.00487686654318,-1.75,-0.875,0.4375
1435297330566,-0.5625,1.4375,0.125,1.5486889616704833,-0.5625,-1.4375,0.125
1435297330765,-0.4375,0.6875,0.1875,0.8361930100162283,-0.4375,-0.6875,0.1875
1435297330963,-0.625,1.1875,0.625,1.4803399102908763,-0.625,-1.1875,0.625
1435297331162,-0.4375,-0.125,0.1875,0.4921254921257382,-0.4375,0.125,0.1875
1435297331361,-0.8125,1.25,0.125,1.496088650448228,-0.8125,-1.25,0.125
1435297331560,-0.75,0.6875,0,1.0174262872562316,-0.75,-0.6875,0
1435297331758,-0.75,0.5,0.25,0.9354143466934853,-0.75,-0.5,0.25
1435297331957,-0.375,0.875,0.375,1.0231690964840563,-0.375,-0.875,0.375
1435297332155,-0.5625,0.75,-0.3125,0.9882117688026185,-0.5625,-0.75,-0.3125
1435297332355,-0.5,0.375,0.25,0.673145600891813,-0.5,-0.375,0.25
1435297332553,-0.25,0.5625,0.625,0.8772293029761374,-0.25,-0.5625,0.625
1435297332752,-1.5,1,0.5,1.8708286933869707,-1.5,-1,0.5
1435297332950,0.125,1.4375,0.25,1.4644218142324976,0.125,-1.4375,0.25
1435297333348,-0.375,1,0.25,1.0968705484240153,-0.375,-1,0.25
1435297333349,-0.5625,0.875,0.0625,1.0420832500333166,-0.5625,-0.875,0.0625
1435297333547,-0.9375,-0.4375,0.5,1.1490485194281397,-0.9375,0.4375,0.5
1435297333944,-1.1875,1.5,0.375,1.9495592450602777,-1.1875,-1.5,0.375
1435297333946,1.1875,1.875,0.25,2.2334460481507046,1.1875,-1.875,0.25
1435297334341,-0.5,0.875,0.25,1.0383279828647594,-0.5,-0.875,0.25
1435297334342,-0.375,0.8125,0.25,0.9291292967074066,-0.375,-0.8125,0.25
1435297334540,0.0625,1.6875,0.875,1.9018905068378673,0.0625,-1.6875,0.875
1435297334739,-0.0625,0.75,0.625,0.978279740156158,-0.0625,-0.75,0.625
1435297334939,-2,0.9375,0.375,2.240431041116865,-2,-0.9375,0.375
1435297335137,-0.1875,1.125,0.3125,1.1825554955265314,-0.1875,-1.125,0.3125
1435297335535,-0.25,0.9375,0.25,1.0019512213675874,-0.25,-0.9375,0.25
1435297335732,0,0.75,0.6875,1.0174262872562316,0,-0.75,0.6875
1435297335933,0,0.75,1.1875,1.4045128158902644,0,-0.75,1.1875
1435297336131,-0.125,0.8125,-0.375,0.90355201842506,-0.125,-0.8125,-0.375
1435297336328,3,1.9375,0.1875,3.576179875229992,3,-1.9375,0.1875
1435297336726,-0.25,1.0625,0.25,1.1197795541980573,-0.25,-1.0625,0.25
1435297336727,-0.3125,1.125,0.0625,1.1692679333668567,-0.3125,-1.125,0.0625
1435297336924,-0.125,2.625,-0.0625,2.6287176056016364,-0.125,-2.625,-0.0625
1435297337322,0.0625,0.0625,0.1875,0.2072890493972125,0.0625,-0.0625,0.1875
1435297337324,-0.9375,1.0625,0.25,1.4388580541526672,-0.9375,-1.0625,0.25
1435297337521,-0.9375,1.8125,0.3125,2.064393070614218,-0.9375,-1.8125,0.3125
1435297337720,-0.3125,1.125,0.3125,1.2086924753633572,-0.3125,-1.125,0.3125
1435297337918,-0.3125,0.9375,0.125,0.9960860906568267,-0.3125,-0.9375,0.125
1435297338117,0,1.125,-0.0625,1.1267347735824966,0,-1.125,-0.0625
1435297338514,-0.1875,0.75,0.375,0.85923294280422,-0.1875,-0.75,0.375
1435297338516,-1.3125,0.9375,-0.0625,1.6141464462681197,-1.3125,-0.9375,-0.0625
1435297338713,-0.6875,0.875,0.1875,1.1284668803292368,-0.6875,-0.875,0.1875
1435297338912,-0.3125,0.8125,0.1875,0.8904879280484379,-0.3125,-0.8125,0.1875
1435297339111,-0.25,1.8125,0.125,1.8339250938901512,-0.25,-1.8125,0.125
1435297339310,0.125,-0.125,0.0625,0.1875,0.125,0.125,0.0625
1435297339707,-1.6875,1,0.3125,1.986281072758838,-1.6875,-1,0.3125
1435297339906,-0.5625,0.6875,0.1875,0.9078649403958718,-0.5625,-0.6875,0.1875
1435297339908,-0.375,0.875,0.25,0.9842509842514764,-0.375,-0.875,0.25
1435297340105,-0.625,1.1875,0.6875,1.5077922602268523,-0.625,-1.1875,0.6875
1435297340304,0.25,0.25,0.75,0.82915619758885,0.25,-0.25,0.75
1435297340502,-0.9375,2,-0.5,2.2647088664991797,-0.9375,-2,-0.5
1435297340701,0.0625,1.875,0.125,1.8802011195614154,0.0625,-1.875,0.125
1435297340900,-0.375,0.9375,0.25,1.0402073110683274,-0.375,-0.9375,0.25
1435297341098,-0.25,0.9375,0.0625,0.9722718241315028,-0.25,-0.9375,0.0625
1435297341297,-0.5,2.125,0,2.1830311495716224,-0.5,-2.125,0
1435297341496,0.0625,0.375,0.1875,0.42389562394532926,0.0625,-0.375,0.1875
1435297342291,-1.5625,1.375,0.125,2.0851034147015346,-1.5625,-1.375,0.125
1435297342889,-0.75,1.75,0.1875,1.9131534831267458,-0.75,-1.75,0.1875
1435297342890,-0.4375,0.9375,0.3125,1.0807260291119114,-0.4375,-0.9375,0.3125
1435297342891,-0.5625,0.875,-0.0625,1.0420832500333166,-0.5625,-0.875,-0.0625
1435297343087,-0.125,-0.625,0.1875,0.6643841132959156,-0.125,0.625,0.1875
1435297343088,-1.25,1.4375,0.9375,2.1231609689328788,-1.25,-1.4375,0.9375
1435297343090,0.5625,1.125,0.4375,1.3317047345414073,0.5625,-1.125,0.4375
1435297344279,-0.25,1.25,0.1875,1.288470508005519,-0.25,-1.25,0.1875
1435297344477,-0.6875,0.5,0.125,0.85923294280422,-0.6875,-0.5,0.125
1435297344479,-0.3125,0.0625,-0.125,0.3423265984407288,-0.3125,-0.0625,-0.125
1435297402713,-0.125,0.9375,0.3125,0.9960860906568267,-0.125,-0.9375,0.3125
1435297402911,-0.0625,1,0.3125,1.0495534764841665,-0.0625,-1,0.3125
1435297403904,-0.0625,1,0.3125,1.0495534764841665,-0.0625,-1,0.3125
1435297403905,-0.125,1,0.3125,1.0551214385083834,-0.125,-1,0.3125
1435297403906,-0.0625,0.9375,0.25,0.9722718241315028,-0.0625,-0.9375,0.25
1435297403907,-0.0625,1,0.125,1.0097184013377194,-0.0625,-1,0.125
1435297403908,-0.0625,1.6875,0,1.688657010763287,-0.0625,-1.6875,0
1435297404303,-0.125,0.8125,0.0625,0.8244316223920575,-0.125,-0.8125,0.0625
1435297404305,-0.5,1,0.125,1.125,-0.5,-1,0.125
1435297405097,-0.5625,0.75,0.25,0.9702609185162515,-0.5625,-0.75,0.25
1435297405099,-0.375,0.875,0.25,0.9842509842514764,-0.375,-0.875,0.25
1435297405100,-0.25,1.8125,-0.1875,1.8392423711952701,-0.25,-1.8125,-0.1875
1435297405296,-0.5,0.625,0.1875,0.8220591523728691,-0.5,-0.625,0.1875
1435297405297,-0.8125,1.125,0.4375,1.455055840852852,-0.8125,-1.125,0.4375
1435297405695,-0.0625,1.4375,0.1875,1.4510233457804875,-0.0625,-1.4375,0.1875
1435297405892,-0.5,0.875,0.1875,1.0250762166785454,-0.5,-0.875,0.1875
1435297405893,-0.5,1.125,0.0625,1.2326926827072513,-0.5,-1.125,0.0625
1435297406093,-0.3125,0.5,0.125,0.6027281725620597,-0.3125,-0.5,0.125
1435297406290,0,1.125,0.4375,1.207075494739248,0,-1.125,0.4375
1435297406687,-0.8125,0.875,-2,2.329330644198028,-0.8125,-0.875,-2
1435297406886,0.5,3.625,0.0625,3.659853992989338,0.5,-3.625,0.0625
1435297406888,-0.4375,0.875,0.25,1.0097184013377194,-0.4375,-0.875,0.25
1435297407084,-0.25,2.0625,-0.4375,2.1231609689328788,-0.25,-2.0625,-0.4375
1435297407283,0.0625,-0.125,-0.0625,0.15309310892394862,0.0625,0.125,-0.0625
1435297407482,-0.75,1.3125,1.0625,1.8477181873868103,-0.75,-1.3125,1.0625
1435297407681,-0.5625,2.125,0.3125,2.2202899585414513,-0.5625,-2.125,0.3125
1435297407879,-0.4375,0.875,0.25,1.0097184013377194,-0.4375,-0.875,0.25
1435297408078,-0.3125,0.9375,0.1875,1.0058423087144426,-0.3125,-0.9375,0.1875
1435297408476,-0.625,1.125,-0.1875,1.3005407529178008,-0.625,-1.125,-0.1875
1435297408477,-0.3125,-0.5,0.5625,0.8149003006503311,-0.3125,0.5,0.5625
1435297408873,-1.125,1.4375,-0.4375,1.877082177210151,-1.125,-1.4375,-0.4375
1435297408875,1.125,1.375,0.1875,1.7864507409945565,1.125,-1.375,0.1875
1435297409072,-0.4375,1.1875,0.3125,1.3035408509133881,-0.4375,-1.1875,0.3125
1435297409271,-0.25,0.9375,0.25,1.0019512213675874,-0.25,-0.9375,0.25
1435297409469,-0.5,1.875,0.5625,2.0204037344055767,-0.5,-1.875,0.5625
1435297409868,0.125,0.1875,0.375,0.4375,0.125,-0.1875,0.375
1435297409870,-0.5625,1.375,0.125,1.4908575552345704,-0.5625,-1.375,0.125
1435297410264,-0.75,0.75,1.0625,1.5013015186830392,-0.75,-0.75,1.0625
1435297410266,-0.25,1.6875,0.125,1.710491522925501,-0.25,-1.6875,0.125
1435297410463,-0.375,0.875,0.125,0.960143218483576,-0.375,-0.875,0.125
1435297410662,-0.6875,1.0625,0.125,1.2716868718359877,-0.6875,-1.0625,0.125
1435297410861,-1.5,-0.6875,0.375,1.6921232963351105,-1.5,0.6875,0.375
1435297411061,-0.5,0.625,0.1875,0.8220591523728691,-0.5,-0.625,0.1875
1435297411456,-0.9375,1.125,0.6875,1.617772388193098,-0.9375,-1.125,0.6875
1435297411657,-0.4375,0.75,0.1875,0.8882919002219934,-0.4375,-0.75,0.1875
1435297411854,-0.4375,0.75,0,0.8682777493406127,-0.4375,-0.75,0
1435297412056,-0.625,1.3125,0.3125,1.4869221566712898,-0.625,-1.3125,0.3125
1435297412252,-0.0625,-0.5625,0.5,0.7551903733496608,-0.0625,0.5625,0.5
1435297412649,-0.8125,1.5625,1.6875,2.439102037635982,-0.8125,-1.5625,1.6875
1435297412848,1.9375,1.6875,0.1875,2.5761829806906187,1.9375,-1.6875,0.1875
1435297412849,-0.4375,1.1875,0.25,1.2899854650343934,-0.4375,-1.1875,0.25
1435297413046,-0.4375,0.75,0.875,1.2326926827072513,-0.4375,-0.75,0.875
1435297413245,0.5625,2.125,0.9375,2.389756786788145,0.5625,-2.125,0.9375
1435297413444,-0.3125,0.5,1.125,1.2701500895563484,-0.3125,-0.5,1.125
1435297413642,-1.625,1.375,-0.1875,2.136915124659845,-1.625,-1.375,-0.1875
1435297413841,-1.25,0.3125,0.0625,1.2899854650343934,-1.25,-0.3125,0.0625
1435297414040,-0.3125,1,0.25,1.0771054962258804,-0.3125,-1,0.25
1435297414239,0,1.1875,0.25,1.213530489934225,0,-1.1875,0.25
1435297414437,-0.3125,1.4375,0.1875,1.482976314713084,-0.3125,-1.4375,0.1875
1435297414637,-0.1875,0.4375,1,1.1075028216668343,-0.1875,-0.4375,1
1435297414835,-1.6875,1.1875,0.25,2.0785361435394862,-1.6875,-1.1875,0.25
1435297415232,-0.1875,1.125,0.25,1.1675963557668378,-0.1875,-1.125,0.25
1435297415234,-0.1875,1,0,1.0174262872562316,-0.1875,-1,0
1435297415431,-0.25,2.625,0.0625,2.637618480751149,-0.25,-2.625,0.0625
1435297415630,-0.0625,0.25,0.0625,0.2651650429449553,-0.0625,-0.25,0.0625
1435297415829,-1,1.25,0.375,1.6441183047457382,-1,-1.25,0.375
1435297416027,1.75,1.6875,0.25,2.443901849502144,1.75,-1.6875,0.25
1435297416226,-0.25,1.125,0.25,1.1792476415070754,-0.25,-1.125,0.25
1435297416425,-0.4375,0.9375,0.125,1.0420832500333166,-0.4375,-0.9375,0.125
1435297416623,-0.3125,0.4375,0.125,0.5519850541454905,-0.3125,-0.4375,0.125
1435297416822,-0.3125,0.6875,0.25,0.795495128834866,-0.3125,-0.6875,0.25
1435297417021,-0.625,1.25,0.4375,1.4644218142324976,-0.625,-1.25,0.4375
1435297417220,-0.3125,2.125,0.3125,2.170469419273167,-0.3125,-2.125,0.3125
1435297417419,-0.375,0.875,0.3125,1.0019512213675874,-0.375,-0.875,0.3125
1435297417617,-0.375,1.25,-0.0625,1.3065340600229296,-0.375,-1.25,-0.0625
1435297417816,-0.25,-0.6875,0.875,1.1405179744309162,-0.25,0.6875,0.875
1435297418015,-2,1.625,0.25,2.5890393971509975,-2,-1.625,0.25
1435297418214,-0.125,2.0625,0.125,2.0700618952098995,-0.125,-2.0625,0.125
1435297418412,-0.375,0.9375,0.125,1.0174262872562316,-0.375,-0.9375,0.125
1435297418611,-0.625,0.6875,0.6875,1.155827625556683,-0.625,-0.6875,0.6875
1435297418810,-1,-0.0625,0.375,1.0698276730389806,-1,0.0625,0.375
1435297419009,-0.625,1.125,0.875,1.5562374497485916,-0.625,-1.125,0.875
1435297419208,-2.375,1.375,0.1875,2.7507101355831733,-2.375,-1.375,0.1875
1435297419406,-0.3125,1,0.25,1.0771054962258804,-0.3125,-1,0.25
1435297419605,-0.25,0.9375,0.25,1.0019512213675874,-0.25,-0.9375,0.25
1435297420201,-0.375,0.9375,0.125,1.0174262872562316,-0.375,-0.9375,0.125
1435297420202,0.1875,2.125,-0.125,2.136915124659845,0.1875,-2.125,-0.125
1435297420204,0.1875,0.1875,0.375,0.4592793267718459,0.1875,-0.1875,0.375
1435297420400,-1.0625,1.1875,-0.125,1.5983389815680527,-1.0625,-1.1875,-0.125
1435297420798,1.5,1.5625,0.25,2.180345442814051,1.5,-1.5625,0.25
1435297420799,-0.3125,1,0.125,1.0551214385083834,-0.3125,-1,0.125
1435297421195,-0.6875,0.6875,0,0.9722718241315028,-0.6875,-0.6875,0
1435297421196,-0.0625,-0.1875,-0.25,0.31868871959954903,-0.0625,0.1875,-0.25
1435297421791,-0.4375,1.125,0,1.207075494739248,-0.4375,-1.125,0
1435297421793,-0.625,0.9375,0.1875,1.1422291801560667,-0.625,-0.9375,0.1875
1435297421795,-0.625,0.8125,0.25,1.0551214385083834,-0.625,-0.8125,0.25
1435297421990,-0.375,0.8125,0.125,0.90355201842506,-0.375,-0.8125,0.125
1435297422387,-0.4375,2.125,-0.0625,2.170469419273167,-0.4375,-2.125,-0.0625
1435297422389,0,0.1875,0.3125,0.3644344934278313,0,-0.1875,0.3125
1435297422984,-0.75,1.0625,1.4375,1.938507802408853,-0.75,-1.0625,1.4375
1435297423183,-2.5625,0.75,0.3125,2.688226645950821,-2.5625,-0.75,0.3125
1435297423184,-0.6875,0.8125,0.3125,1.109264959331178,-0.6875,-0.8125,0.3125
1435297423186,-0.25,0.8125,0.1875,0.8705242673240075,-0.25,-0.8125,0.1875
1435297423580,-0.6875,1.3125,0.5,1.5637495003996005,-0.6875,-1.3125,0.5
1435297423582,-0.4375,-0.125,0.25,0.5191639914323797,-0.4375,0.125,0.25
1435297490563,-0.3125,1.0625,0,1.1075028216668343,-0.3125,-1.0625,0
1435297490565,-0.3125,2.25,-0.0625,2.2724573703372304,-0.3125,-2.25,-0.0625
1435297490760,0.25,0.125,0.5,0.57282196186948,0.25,-0.125,0.5
1435297490957,-1.5,1.1875,0.3125,1.938507802408853,-1.5,-1.1875,0.3125
1435297491157,0.25,2.5,0.125,2.5155764746872635,0.25,-2.5,0.125
1435297491355,-0.3125,0.875,0.25,0.9621752698962908,-0.3125,-0.875,0.25
1435297491554,-0.5625,1,0.25,1.174268389253496,-0.5625,-1,0.25
1435297491753,-1.375,0,0.8125,1.5971165423975797,-1.375,0,0.8125
1435297491952,-1.5625,1.8125,-0.75,2.5078003309673598,-1.5625,-1.8125,-0.75
1435297492150,-0.3125,1.875,0.1875,1.9100883487420157,-0.3125,-1.875,0.1875
1435297492548,-0.3125,0.9375,0.1875,1.0058423087144426,-0.3125,-0.9375,0.1875
1435297492549,-0.4375,0.875,-0.125,0.9862333648787187,-0.4375,-0.875,-0.125
1435297492746,-0.75,-0.3125,0.5,0.9540210951546092,-0.75,0.3125,0.5
1435297492947,-1.125,1.375,1.25,2.172268399622846,-1.125,-1.375,1.25
1435297493145,1.25,1.25,0.3125,1.795175827043134,1.25,-1.25,0.3125
1435297493541,-0.4375,1.0625,0.1875,1.1642460006373223,-0.4375,-1.0625,0.1875
1435297493545,-0.5,0.6875,0.3125,0.9057110466368399,-0.5,-0.6875,0.3125
1435297493741,-0.3125,0.75,-0.0625,0.8149003006503311,-0.3125,-0.75,-0.0625
1435297493939,0,0.4375,0.3125,0.5376453291901642,0,-0.4375,0.3125
1435297494137,-1.3125,0.875,-0.1875,1.5885331283923543,-1.3125,-0.875,-0.1875
1435297494534,-0.5625,1.0625,0.25,1.2279301690242812,-0.5625,-1.0625,0.25
1435297494733,-0.375,2.25,0.25,2.2946949688357274,-0.375,-2.25,0.25
1435297494931,0.0625,-0.0625,0.5625,0.5694020986965187,0.0625,0.0625,0.5625
1435297495130,0.0625,-0.0625,0.25,0.2651650429449553,0.0625,0.0625,0.25
1435297495329,-0.8125,1.375,0.125,1.602000702247037,-0.8125,-1.375,0.125
1435297495528,-3.1875,1.5,0.0625,3.523359547363851,-3.1875,-1.5,0.0625
1435297495727,-0.5625,0.875,0.3125,1.086134199811423,-0.5625,-0.875,0.3125
1435297495925,-0.375,0.875,0.0625,0.9540210951546092,-0.375,-0.875,0.0625
1435297496125,-0.625,3.0625,-0.0625,3.12624975009995,-0.625,-3.0625,-0.0625
1435297496323,-0.125,-0.3125,0.25,0.4192627457812106,-0.125,0.3125,0.25
1435297496522,-0.875,1.1875,1,1.7820721786729066,-0.875,-1.1875,1
1435297496720,1.625,1.3125,0.25,2.1037540849633545,1.625,-1.3125,0.25
1435297496919,-0.375,1.125,0.1875,1.200585794518659,-0.375,-1.125,0.1875
1435297497317,-0.375,0.8125,0.125,0.90355201842506,-0.375,-0.8125,0.125
1435297497319,0,1.4375,-0.1875,1.4496766880929002,0,-1.4375,-0.1875
1435297497516,0.1875,0.3125,0.1875,0.409839907768875,0.1875,-0.3125,0.1875
1435297497714,-0.875,1.375,0.8125,1.8211002855416831,-0.875,-1.375,0.8125
1435297498112,1.1875,1.6875,0.1875,2.071948056781347,1.1875,-1.6875,0.1875
1435297498113,-0.5,1,0.1875,1.1336473217010659,-0.5,-1,0.1875
1435297498310,-0.4375,0.75,0.0625,0.8705242673240075,-0.4375,-0.75,0.0625
1435297498510,-0.3125,2.3125,0.8125,2.4709246750963496,-0.3125,-2.3125,0.8125
1435297498906,-0.375,-0.125,1.3125,1.3707320124663318,-0.375,0.125,1.3125
1435297498909,-2.0625,2.6875,0.25,3.396919560425298,-2.0625,-2.6875,0.25
1435297499107,-0.5,0.625,0.0625,0.8028270361665706,-0.5,-0.625,0.0625
1435297499305,-0.25,1.0625,0.125,1.0986497394529342,-0.25,-1.0625,0.125
1435297499506,-0.25,1.0625,0.5,1.200585794518659,-0.25,-1.0625,0.5
1435297499702,-0.25,1.875,0.625,1.9921721813136535,-0.25,-1.875,0.625
1435297499901,-0.375,0.3125,0.875,1.0019512213675874,-0.375,-0.3125,0.875
1435297500099,-2.1875,1.125,0.3125,2.4796043031096717,-2.1875,-1.125,0.3125
1435297500298,-0.25,1.0625,0.1875,1.1075028216668343,-0.25,-1.0625,0.1875
1435297500496,-0.25,0.9375,0.125,0.978279740156158,-0.25,-0.9375,0.125
1435297500695,-0.6875,1.125,-0.0625,1.3199195051214296,-0.6875,-1.125,-0.0625
1435297500894,0,-0.3125,0.375,0.4881406047441659,0,0.3125,0.375
1435297501093,-1.4375,1.3125,-0.625,2.0444284042245155,-1.4375,-1.3125,-0.625
1435297501292,-0.1875,2.25,0.25,2.271597730673281,-0.1875,-2.25,0.25
1435297501490,-0.3125,0.875,0.375,1.0019512213675874,-0.3125,-0.875,0.375
1435297501689,-0.375,1,0,1.0680004681646913,-0.375,-1,0
1435297501888,-0.1875,0.75,0,0.7730823048033113,-0.1875,-0.75,0
1435297502086,0,0.9375,0.1875,0.9560661587986472,0,-0.9375,0.1875
1435297502484,-1.0625,0.875,0.75,1.5674920254980567,-1.0625,-0.875,0.75
1435297502485,-0.125,2.5625,0.25,2.57769882841266,-0.125,-2.5625,0.25
1435297502683,-0.375,0.8125,0,0.8948638164547721,-0.375,-0.8125,0
1435297502882,-0.0625,2.6875,-0.25,2.699826383306897,-0.0625,-2.6875,-0.25
1435297503080,0.1875,0.1875,0.375,0.4592793267718459,0.1875,-0.1875,0.375
1435297503279,-1.1875,0.9375,0.125,1.5181197251863898,-1.1875,-0.9375,0.125
1435297503478,-0.625,1.25,0.1875,1.4100642715848097,-0.625,-1.25,0.1875
1435297503875,-0.25,0.875,0.3125,0.9621752698962908,-0.25,-0.875,0.3125
1435297503877,-0.5,0.9375,0.125,1.0698276730389806,-0.5,-0.9375,0.125
1435297504074,-0.4375,2.1875,0.3125,2.2526026613675123,-0.4375,-2.1875,0.3125
1435297504273,-0.375,0.375,0.8125,0.9702609185162515,-0.375,-0.375,0.8125
1435297504471,-0.625,1.5,-0.6875,1.764449276686638,-0.625,-1.5,-0.6875
1435297504670,-0.5625,2.3125,0.1875,2.387303656848035,-0.5625,-2.3125,0.1875
1435297504869,-0.375,0.9375,0.1875,1.0269797953221864,-0.375,-0.9375,0.1875
1435297505068,-0.25,1,0.1875,1.0476909133900132,-0.25,-1,0.1875
1435297505465,-0.625,1.0625,0,1.2326926827072513,-0.625,-1.0625,0
1435297505467,-1.75,-0.5,0.25,1.8371173070873836,-1.75,0.5,0.25
1435297505664,0,0.5,1.8125,1.8802011195614154,0,-0.5,1.8125
1435297505863,-2.5,1.625,0.3125,2.998046238802864,-2.5,-1.625,0.3125
1435297506260,-0.375,0.875,0.3125,1.0019512213675874,-0.375,-0.875,0.3125
1435297506262,-0.4375,0.8125,0,0.9228014412645875,-0.4375,-0.8125,0
1435297506459,-0.5625,2.3125,0.125,2.3832094956172023,-0.5625,-2.3125,0.125
1435297506857,0.3125,0,0.3125,0.4419417382415922,0.3125,0,0.3125
1435297506859,-1.1875,1.3125,0.8125,1.9475545563603605,-1.1875,-1.3125,0.8125
1435297507055,2.5,1.4375,0.25,2.894634044227353,2.5,-1.4375,0.25
1435297507254,-0.4375,1.125,0.25,1.2326926827072513,-0.4375,-1.125,0.25
1435297508446,-0.4375,0.8125,0.25,0.9560661587986472,-0.4375,-0.8125,0.25
1435297508448,-0.0625,1,-0.3125,1.0495534764841665,-0.0625,-1,-0.3125
1435297508449,-0.125,0.75,0.3125,0.8220591523728691,-0.125,-0.75,0.3125
1435297712219,-0.9375,1.0625,0.9375,1.6990346523835234,-0.9375,-1.0625,0.9375
1435297712416,2.1875,1.4375,0.25,2.6294604959953287,2.1875,-1.4375,0.25
1435297712615,-0.4375,1,0.3125,1.1353688827865593,-0.4375,-1,0.3125
1435297712813,-0.25,0.9375,0,0.9702609185162515,-0.25,-0.9375,0
1435297713012,-0.75,1.5,0.3125,1.7059180079945226,-0.75,-1.5,0.3125
1435297713409,-0.9375,0.25,0.4375,1.0643366478704002,-0.9375,-0.25,0.4375
1435297713411,-0.4375,1.4375,-0.1875,1.5142551799482147,-0.4375,-1.4375,-0.1875
1435297713608,-0.875,1,0.25,1.352081728298996,-0.875,-1,0.25
1435297713807,-0.5,1.125,0.3125,1.2701500895563484,-0.5,-1.125,0.3125
1435297714006,-0.1875,0.9375,0.0625,0.9581068572972432,-0.1875,-0.9375,0.0625
1435297714204,-0.5625,0.875,0.25,1.0698276730389806,-0.5625,-0.875,0.25
1435297714403,-0.5625,0.3125,0.3125,0.7153451963912248,-0.5625,-0.3125,0.3125
1435297714602,-0.0625,0.3125,0.1875,0.369754986443726,-0.0625,-0.3125,0.1875
1435297714802,-1.375,1.375,0.625,2.042516829796024,-1.375,-1.375,0.625
1435297715396,0,1.5,0.25,1.5206906325745548,0,-1.5,0.25
1435297715397,-0.3125,0.875,0.3125,0.9802741963348827,-0.3125,-0.875,0.3125
1435297715400,-0.5,1,0,1.118033988749895,-0.5,-1,0
1435297715596,-0.8125,0,-0.0625,0.8149003006503311,-0.8125,0,-0.0625
1435297715794,-0.1875,1.1875,0.125,1.2086924753633572,-0.1875,-1.1875,0.125
1435297716191,-0.75,0.8125,0,1.1057378758096332,-0.75,-0.8125,0
1435297716390,-0.5,1.25,0.3125,1.3820840242184989,-0.5,-1.25,0.3125
1435297716392,-0.1875,0.9375,0.3125,1.0058423087144426,-0.1875,-0.9375,0.3125
1435297716788,-0.375,0.9375,0.25,1.0402073110683274,-0.375,-0.9375,0.25
1435297716789,-0.75,1.9375,0.75,2.2088246308840365,-0.75,-1.9375,0.75
1435297717185,-0.9375,0.0625,0.625,1.1284668803292368,-0.9375,-0.0625,0.625
1435297717187,-1,1.5,2.1875,2.834635117612142,-1,-1.5,2.1875
1435297717781,-0.5,0.9375,0.25,1.0915155747858112,-0.5,-0.9375,0.25
1435297717783,-0.375,1.125,0.4375,1.2639842760097928,-0.375,-1.125,0.4375
1435297717784,-0.3125,0.8125,0.1875,0.8904879280484379,-0.3125,-0.8125,0.1875
1435297718179,-0.4375,1.375,0.6875,1.5983389815680527,-0.4375,-1.375,0.6875
1435297718180,0.5625,-0.5,0.0625,0.7551903733496608,0.5625,0.5,0.0625
1435297718378,-0.375,0.6875,2.3125,2.441503123078076,-0.375,-0.6875,2.3125
1435297718577,-2.5,1.625,0.25,2.992177300896456,-2.5,-1.625,0.25
1435297718775,-0.3125,1.125,0.125,1.174268389253496,-0.3125,-1.125,0.125
1435297718975,-0.5,0.75,-0.0625,0.90355201842506,-0.5,-0.75,-0.0625
1435297719173,-0.5,-0.625,0.125,0.8100925873009825,-0.5,0.625,0.125
1435297719372,-0.8125,1.4375,1,1.9304306514350627,-0.8125,-1.4375,1
1435297719571,-4.875,0.6875,0.1875,4.9268080437540895,-4.875,-0.6875,0.1875
1435297719769,-0.625,1,0.1875,1.194060823408925,-0.625,-1,0.1875
1435297719968,-0.5,0.625,0.625,1.015504800579495,-0.5,-0.625,0.625
1435297720167,1,1.8125,1.3125,2.4510839438909473,1,-1.8125,1.3125
1435297720367,-0.4375,0.8125,0.8125,1.229519723306625,-0.4375,-0.8125,0.8125
1435297720564,-1.75,0.875,0.1875,1.9655231491895484,-1.75,-0.875,0.1875
1435297720764,-0.4375,1.25,0.375,1.3764197215965774,-0.4375,-1.25,0.375
1435297720963,-0.1875,0.875,0.25,0.9291292967074066,-0.1875,-0.875,0.25
1435297721163,-0.0625,1.4375,0.6875,1.5946688527716342,-0.0625,-1.4375,0.6875
1435297721360,-0.375,1.0625,1.1875,1.6369751067135994,-0.375,-1.0625,1.1875
1435297721558,-0.25,0.6875,0.125,0.7421463804398698,-0.25,-0.6875,0.125
1435297721757,-1.5,1.375,0.3125,2.0587086365000755,-1.5,-1.375,0.3125
1435297721955,-0.125,1,0.375,1.0752906583803283,-0.125,-1,0.375
1435297722154,-0.125,0.9375,0.125,0.9540210951546092,-0.125,-0.9375,0.125
1435297722353,0.4375,2.3125,0.25,2.366762028595186,0.4375,-2.3125,0.25
1435297722750,-0.1875,0.125,0.5,0.5484352742120077,-0.1875,-0.125,0.5
1435297722948,-2.1875,1.25,1.1875,2.785284994394649,-2.1875,-1.25,1.1875
1435297723346,-2.1875,1.25,0.4375,2.557159068184848,-2.1875,-1.25,0.4375
1435297723347,-0.4375,0.9375,0.3125,1.0807260291119114,-0.4375,-0.9375,0.3125
1435297723743,-0.375,0.8125,0.1875,0.9142961773954871,-0.375,-0.8125,0.1875
1435297724738,-0.375,2.25,0.0625,2.2818920329410854,-0.375,-2.25,0.0625
1435297724739,0,0.1875,0.25,0.3125,0,-0.1875,0.25
1435297724740,-1.75,1.25,0.875,2.3217719526258387,-1.75,-1.25,0.875
1435297724936,0.0625,2.375,0.1875,2.3832094956172023,0.0625,-2.375,0.1875
1435297724938,-0.375,0.875,0.3125,1.0019512213675874,-0.375,-0.875,0.3125
1435297724939,-0.4375,1.125,0,1.207075494739248,-0.4375,-1.125,0
1435297725135,-0.5625,-0.5625,0.1875,0.8172935519138763,-0.5625,0.5625,0.1875
1435297725137,-0.75,1.5,1.375,2.168668946612184,-0.75,-1.5,1.375
1435297725333,0.3125,1.625,0.1875,1.6653640743092786,0.3125,-1.625,0.1875
1435297725929,-0.4375,0.9375,0.25,1.0643366478704002,-0.4375,-0.9375,0.25
1435297725931,-0.4375,1.3125,0.25,1.405902734900249,-0.4375,-1.3125,0.25
1435297725932,0,0.0625,0.375,0.3801726581436387,0,-0.0625,0.375
1435297726128,-0.75,1.625,1.5625,2.3758222260935264,-0.75,-1.625,1.5625
1435297726327,-1.125,2.1875,0.0625,2.460627460628691,-1.125,-2.1875,0.0625
1435297726525,-0.5,0.9375,0.25,1.0915155747858112,-0.5,-0.9375,0.25
1435297726725,-0.5,0.5625,0.4375,0.8705242673240075,-0.5,-0.5625,0.4375
1435297727718,0.1875,2.875,-0.375,2.9054098247923648,0.1875,-2.875,-0.375
1435297803057,1.8125,1.75,0.375,2.547210484039354,1.8125,-1.75,0.375
1435297803059,-0.25,1,0.4375,1.1197795541980573,-0.25,-1,0.4375
1435297803251,-0.0625,1,0.0625,1.0038986502630631,-0.0625,-1,0.0625
1435297803651,-0.4375,1.1875,0.25,1.2899854650343934,-0.4375,-1.1875,0.25
1435297803652,-1.3125,-0.1875,0.5,1.4169730060943293,-1.3125,0.1875,0.5
1435297803849,-0.0625,0.6875,0.6875,0.9742785792574935,-0.0625,-0.6875,0.6875
1435297804246,-0.625,1.875,-0.1875,1.9852975217835738,-0.625,-1.875,-0.1875
1435297804248,0.1875,2.4375,0.3125,2.464593019141294,0.1875,-2.4375,0.3125
1435297804644,-0.3125,0.8125,0.3125,0.9249155366842964,-0.3125,-0.8125,0.3125
1435297804645,-0.5625,0.8125,0.25,1.0193441518937556,-0.5625,-0.8125,0.25
1435297804843,-0.0625,0.625,0.0625,0.6312190586476298,-0.0625,-0.625,0.0625
1435297805042,0.0625,0,0.4375,0.4419417382415922,0.0625,0,0.4375
1435297805240,-1.3125,1.5625,0.5625,2.1167117777345124,-1.3125,-1.5625,0.5625
1435297805440,-0.375,1.6875,0.1875,1.7388034679054445,-0.375,-1.6875,0.1875
1435297805637,-0.375,0.9375,0.1875,1.0269797953221864,-0.375,-0.9375,0.1875
1435297805836,-0.3125,1.3125,0.1875,1.3621559198564606,-0.3125,-1.3125,0.1875
1435297806035,-0.3125,-0.375,0.3125,0.5796011559684815,-0.3125,0.375,0.3125
1435297806237,-0.5625,1.1875,0.125,1.3199195051214296,-0.5625,-1.1875,0.125
1435297806433,-0.375,1.0625,0.1875,1.1422291801560667,-0.375,-1.0625,0.1875
1435297806632,-0.625,0.8125,0.375,1.0915155747858112,-0.625,-0.8125,0.375
1435297806830,-0.125,0.9375,0.4375,1.0420832500333166,-0.125,-0.9375,0.4375
1435297807029,-0.375,1.0625,0.3125,1.1692679333668567,-0.375,-1.0625,0.3125
1435297807426,-0.4375,-0.6875,0.75,1.1075028216668343,-0.4375,0.6875,0.75
1435297807624,-0.8125,0.8125,0.4375,1.229519723306625,-0.8125,-0.8125,0.4375
1435297807823,0.125,1.375,0.25,1.403121520040228,0.125,-1.375,0.25
1435297808021,0.125,1.375,0.125,1.3863170633011772,0.125,-1.375,0.125
1435297808220,-0.25,1.0625,0.375,1.1541365820387117,-0.25,-1.0625,0.375
1435297808419,-0.3125,0.875,0.0625,0.9312290266094587,-0.3125,-0.875,0.0625
1435297808816,-0.75,0.4375,0.125,0.8772293029761374,-0.75,-0.4375,0.125
1435297808818,-0.1875,0.3125,0.1875,0.409839907768875,-0.1875,-0.3125,0.1875
1435297809015,-1.375,1.4375,0.6875,2.104682280060342,-1.375,-1.4375,0.6875
1435297809214,0,1.3125,0.1875,1.3258252147247767,0,-1.3125,0.1875
1435297809413,-0.1875,0.8125,0.1875,0.854674645698584,-0.1875,-0.8125,0.1875
1435297809810,-0.3125,1.6875,0.0625,1.7173289580042608,-0.3125,-1.6875,0.0625
1435297809812,0.3125,-0.8125,0.75,1.1490485194281397,0.3125,0.8125,0.75
1435297810010,-1.5,1.4375,-0.125,2.081353225668339,-1.5,-1.4375,-0.125
1435297810208,-0.125,1.75,0.25,1.7721808598447282,-0.125,-1.75,0.25
1435297810606,-0.3125,0.8125,0.3125,0.9249155366842964,-0.3125,-0.8125,0.3125
1435297810608,-0.375,1.25,1.0625,1.6828640022295325,-0.375,-1.25,1.0625
1435297810804,-0.375,0.375,0.75,0.9185586535436918,-0.375,-0.375,0.75
1435297811003,-0.3125,1,0.75,1.288470508005519,-0.3125,-1,0.75
1435297811600,-0.8125,1.25,0.375,1.5372967345311055,-0.8125,-1.25,0.375
1435297811603,-0.1875,1,0.25,1.0476909133900132,-0.1875,-1,0.25
1435297811605,-0.25,0.875,0.375,0.9842509842514764,-0.25,-0.875,0.375
1435297811999,0.625,2.125,0.1875,2.2229274054723422,0.625,-2.125,0.1875
1435297812001,0.0625,0.125,1.5,1.5064963491492438,0.0625,-0.125,1.5
1435297812394,-0.75,1.75,0.125,1.9080421903092184,-0.75,-1.75,0.125
1435297812593,-0.5625,2.5,0.25,2.5746662405057474,-0.5625,-2.5,0.25
1435297812594,-0.0625,0.9375,0.25,0.9722718241315028,-0.0625,-0.9375,0.25
1435297812791,0,1,0.4375,1.0915155747858112,0,-1,0.4375
1435297813189,-0.3125,1.4375,0.375,1.5181197251863898,-0.3125,-1.4375,0.375
1435297813191,-0.375,0.3125,0.5625,0.7447734554883115,-0.375,-0.3125,0.5625
1435297813388,-1,1,-1.5625,2.1074644125109208,-1,-1,-1.5625
1435297813586,1.25,1.875,0.5625,2.3226130220077557,1.25,-1.875,0.5625
1435297813786,-0.1875,1.25,0.375,1.3184389443580617,-0.1875,-1.25,0.375
1435297813984,-0.375,0.875,0.0625,0.9540210951546092,-0.375,-0.875,0.0625
1435297814381,0,1.375,-0.0625,1.3764197215965774,0,-1.375,-0.0625
1435297814383,0.1875,0.3125,0.25,0.4419417382415922,0.1875,-0.3125,0.25
1435297814580,-1,1.25,0.6875,1.7421699830957942,-1,-1.25,0.6875
1435297814779,0.0625,1.5,0.25,1.5219744577357401,0.0625,-1.5,0.25
1435297814978,-0.1875,0.875,0.375,0.9702609185162515,-0.1875,-0.875,0.375
1435297815176,-0.375,0.875,0.125,0.960143218483576,-0.375,-0.875,0.125
1435297815375,-0.375,-0.1875,-0.125,0.4375,-0.375,0.1875,-0.125
1435297815574,-0.125,1.3125,0.125,1.3243512562760682,-0.125,-1.3125,0.125
1435297815773,-0.6875,0.9375,0.25,1.189143599402528,-0.6875,-0.9375,0.25
1435297815971,-0.625,0.6875,0.375,1.0019512213675874,-0.625,-0.6875,0.375
1435297816170,-0.1875,0.9375,0.25,0.9882117688026185,-0.1875,-0.9375,0.25
1435297816369,-0.375,1.1875,0.25,1.2701500895563484,-0.375,-1.1875,0.25
1435297816965,-0.75,-0.0625,0.375,0.8408515029421069,-0.75,0.0625,0.375
1435297816966,-0.3125,1.3125,0.125,1.354967711792425,-0.3125,-1.3125,0.125
1435297816968,-0.625,0.8125,0.0625,1.0269797953221864,-0.625,-0.8125,0.0625
1435297817164,-0.8125,0.9375,0.375,1.2960275845829825,-0.8125,-0.9375,0.375
1435297817363,-0.25,0.75,0.4375,0.90355201842506,-0.25,-0.75,0.4375
1435297817561,-0.625,1.25,-0.375,1.4469796128487782,-0.625,-1.25,-0.375
1435297817760,-1.375,-0.4375,0.375,1.4908575552345704,-1.375,0.4375,0.375
1435297817959,-0.375,0.8125,0.25,0.9291292967074066,-0.375,-0.8125,0.25
1435297818158,-0.875,0.8125,0.25,1.219951330996446,-0.875,-0.8125,0.25
1435297818357,-0.5,0.875,0.25,1.0383279828647594,-0.5,-0.875,0.25
1435297818555,-0.1875,0.9375,0.0625,0.9581068572972432,-0.1875,-0.9375,0.0625
1435297819151,0.0625,1.6875,0,1.688657010763287,0.0625,-1.6875,0
1435297819350,-0.5,0.875,0.1875,1.0250762166785454,-0.5,-0.875,0.1875
1435297819550,-0.75,0.9375,0.375,1.2577882373436318,-0.75,-0.9375,0.375
1435297819552,-0.4375,1.625,0.3125,1.7116329922036442,-0.4375,-1.625,0.3125
1435297819553,-0.25,0.8125,0.5,0.9862333648787187,-0.25,-0.8125,0.5
1435297919928,1,2.75,0.3125,2.9428143417483885,1,-2.75,0.3125
1435297920124,-0.25,0.9375,0.25,1.0019512213675874,-0.25,-0.9375,0.25
1435297920323,-0.375,0.875,0.1875,0.9702609185162515,-0.375,-0.875,0.1875
1435297920521,-0.0625,1.1875,-0.125,1.195695404356812,-0.0625,-1.1875,-0.125
1435297920721,0.125,0.4375,0.375,0.5896238207535377,0.125,-0.4375,0.375
1435297920919,-1.1875,1.375,0.6875,1.9425337834900067,-1.1875,-1.375,0.6875
1435297921118,-0.1875,1.375,0.1875,1.400334781400505,-0.1875,-1.375,0.1875
1435297921515,-0.25,0.8125,-0.0625,0.852386356061616,-0.25,-0.8125,-0.0625
1435297921517,-0.5625,1,0.625,1.3065340600229296,-0.5625,-1,0.625
1435297921714,-0.8125,0.0625,0.6875,1.0661701318269987,-0.8125,-0.0625,0.6875
1435297921913,-0.5625,1.0625,-0.1875,1.2167451458707366,-0.5625,-1.0625,-0.1875
1435297922111,-0.375,0.8125,-0.8125,1.2086924753633572,-0.375,-0.8125,-0.8125
1435297922508,0,1.75,0.3125,1.7776828316659865,0,-1.75,0.3125
1435297922706,-0.1875,0.9375,0.3125,1.0058423087144426,-0.1875,-0.9375,0.3125
1435297922905,-0.1875,0.9375,0.375,1.0269797953221864,-0.1875,-0.9375,0.375
1435297923104,-0.25,2.0625,-0.0625,2.0785361435394862,-0.25,-2.0625,-0.0625
1435297923305,0.1875,0.5,0.3125,0.6187184335382291,0.1875,-0.5,0.3125
1435297923501,-0.5625,1.3125,0.5625,1.5347536447260843,-0.5625,-1.3125,0.5625
1435297923701,-0.3125,0.875,-0.0625,0.9312290266094587,-0.3125,-0.875,-0.0625
1435297923899,-0.75,0.75,0.25,1.0897247358851685,-0.75,-0.75,0.25
1435297924297,-0.25,0.9375,0.125,0.978279740156158,-0.25,-0.9375,0.125
1435297924298,-0.5,1.25,0.0625,1.347741165802989,-0.5,-1.25,0.0625
1435297924495,-0.75,-0.0625,-0.0625,0.7551903733496608,-0.75,0.0625,-0.0625
1435297924694,-0.375,1.3125,0.1875,1.3778379803155376,-0.375,-1.3125,0.1875
1435297924893,-0.375,0.9375,-0.0625,1.0116508785149154,-0.375,-0.9375,-0.0625
1435297925092,-0.5625,0.75,0.25,0.9702609185162515,-0.5625,-0.75,0.25
1435297925290,-0.25,0.875,0.0625,0.9121574699579015,-0.25,-0.875,0.0625
1435297925490,-0.625,1,0.4375,1.2577882373436318,-0.625,-1,0.4375
1435297925688,-1.5625,0,0.6875,1.7070625354684579,-1.5625,0,0.6875
1435297925887,-0.1875,1.125,-0.125,1.1473474844178637,-0.1875,-1.125,-0.125
1435297926085,1.125,1.4375,0.25,1.8424253716229595,1.125,-1.4375,0.25
1435297926284,-0.125,1,0.25,1.0383279828647594,-0.125,-1,0.25
1435297926483,0,1,0.1875,1.0174262872562316,0,-1,0.1875
1435297926682,-0.3125,0.875,0.25,0.9621752698962908,-0.3125,-0.875,0.25
1435297927080,-0.625,-0.125,0.4375,0.7730823048033113,-0.625,0.125,0.4375
1435297927478,-0.625,1.25,1.6875,2.191068517869763,-0.625,-1.25,1.6875
1435297927479,-2.375,1.1875,0.25,2.6670735366689837,-2.375,-1.1875,0.25
1435297927481,-0.375,1.125,0.375,1.243734296383275,-0.375,-1.125,0.375
1435297927676,-0.125,1,-0.0625,1.0097184013377194,-0.125,-1,-0.0625
1435297927874,-0.4375,1.25,0.375,1.3764197215965774,-0.4375,-1.25,0.375
1435297928073,0.1875,-0.25,0.3125,0.4419417382415922,0.1875,0.25,0.3125
1435297928274,-1.3125,1.4375,0.5625,2.026195634680916,-1.3125,-1.4375,0.5625
1435297928471,0.0625,1.8125,0.25,1.8307273144846012,0.0625,-1.8125,0.25
1435297928672,-0.25,0.8125,0.25,0.8860904299223641,-0.25,-0.8125,0.25
1435297929266,-0.4375,1,0.625,1.2577882373436318,-0.4375,-1,0.625
1435297929270,0.8125,2.25,1,2.5928085640864427,0.8125,-2.25,1
1435297929271,-0.3125,0.375,1.5625,1.6369751067135994,-0.3125,-0.375,1.5625
1435297929465,-2,1.25,0.25,2.3717082451262845,-2,-1.25,0.25
1435297929862,-0.25,1.25,0.3125,1.3125,-0.25,-1.25,0.3125
1435297930061,-0.25,0.8125,0.4375,0.9560661587986472,-0.25,-0.8125,0.4375
1435297930063,0.1875,1.3125,0.625,1.4657549249448218,0.1875,-1.3125,0.625
1435297930260,-0.25,0.75,0.625,1.0077822185373186,-0.25,-0.75,0.625
1435297930459,-0.25,0.4375,0.5,0.7098635432250342,-0.25,-0.4375,0.5
1435297930658,-1.4375,1.1875,0.25,1.8812396179115514,-1.4375,-1.1875,0.25
1435297931253,-0.1875,1.0625,0.3125,1.1232625472257143,-0.1875,-1.0625,0.3125
1435297931254,-0.0625,0.9375,0.1875,0.9581068572972432,-0.0625,-0.9375,0.1875
1435297931256,-0.4375,0.875,0.0625,0.9802741963348827,-0.4375,-0.875,0.0625
1435297931651,-0.375,0.125,-0.3125,0.5038911092686593,-0.375,-0.125,-0.3125
1435297931653,0.1875,1.3125,0.25,1.3491895715576814,0.1875,-1.3125,0.25
1435297931850,-0.75,1,0.3125,1.288470508005519,-0.75,-1,0.3125
1435297932049,-0.4375,0.8125,0.3125,0.9742785792574935,-0.4375,-0.8125,0.3125
1435297932247,-0.25,0.9375,0.375,1.0402073110683274,-0.25,-0.9375,0.375
1435297932446,-0.3125,1.0625,0.0625,1.109264959331178,-0.3125,-1.0625,0.0625
1435297932645,-0.6875,0,0,0.6875,-0.6875,0,0
1435297932844,-0.3125,1.1875,0.25,1.2531211034852139,-0.3125,-1.1875,0.25
1435297933042,-0.625,0.9375,0.1875,1.1422291801560667,-0.625,-0.9375,0.1875
1435297933241,-0.625,1.25,0.25,1.4197270864500684,-0.625,-1.25,0.25
1435297933440,-0.1875,0.875,0.25,0.9291292967074066,-0.1875,-0.875,0.25
1435297933639,-0.375,0.9375,0,1.0097184013377194,-0.375,-0.9375,0
1435297933837,-0.375,0,0,0.375,-0.375,0,0
1435297934433,-0.1875,0.9375,0.25,0.9882117688026185,-0.1875,-0.9375,0.25
1435297934435,-0.9375,1.0625,0.25,1.4388580541526672,-0.9375,-1.0625,0.25
1435297934436,-0.5625,1.0625,0.375,1.2593401049756179,-0.5625,-1.0625,0.375
1435297934632,-0.3125,0.9375,0.1875,1.0058423087144426,-0.3125,-0.9375,0.1875
1435297934831,-0.5625,0.9375,0.25,1.1215224028078976,-0.5625,-0.9375,0.25
1435297935032,0.3125,0.0625,0,0.31868871959954903,0.3125,-0.0625,0
1435297935426,-0.1875,0.875,1.125,1.4375,-0.1875,-0.875,1.125
1435297935626,-2,1.1875,0.3125,2.3468729194398232,-2,-1.1875,0.3125
1435297935628,-0.125,1.0625,0.25,1.0986497394529342,-0.125,-1.0625,0.25
1435297935825,-0.1875,0.9375,0.25,0.9882117688026185,-0.1875,-0.9375,0.25
1435297936024,-0.25,0.9375,0.3125,1.0193441518937556,-0.25,-0.9375,0.3125
1435297936222,0.3125,1.625,0,1.6547752868592158,0.3125,-1.625,0
1435297936818,-0.125,0.375,0.25,0.46770717334674267,-0.125,-0.375,0.25
1435297937216,-1.375,1.25,-0.0625,1.8593093475804396,-1.375,-1.25,-0.0625
1435297937218,0.1875,2,0.125,2.012655273513077,0.1875,-2,0.125
1435297937219,-0.375,0.875,0.25,0.9842509842514764,-0.375,-0.875,0.25
1435297937614,-0.4375,0.9375,-0.125,1.0420832500333166,-0.4375,-0.9375,-0.125
1435297937615,-0.5,0.125,-0.25,0.57282196186948,-0.5,-0.125,-0.25
1435297937617,-0.0625,0.6875,0.1875,0.7153451963912248,-0.0625,-0.6875,0.1875
1435297938409,-0.8125,1.0625,-0.5625,1.4510233457804875,-0.8125,-1.0625,-0.5625
1435297938410,0.25,1.6875,0.3125,1.734304615688951,0.25,-1.6875,0.3125
1435297938412,-0.25,0.875,0.3125,0.9621752698962908,-0.25,-0.875,0.3125
1435297938607,-0.25,1,0.125,1.0383279828647594,-0.25,-1,0.125
1435297938609,0.125,2.0625,-0.1875,2.074774084087229,0.125,-2.0625,-0.1875
1435297939402,0.25,0.3125,0.125,0.4192627457812106,0.25,-0.3125,0.125
1435297939404,-1.125,1.25,1,1.956559480312316,-1.125,-1.25,1
1435297939405,0.0625,1.625,0.3125,1.6559551624364712,0.0625,-1.625,0.3125
1435297939601,-0.25,0.875,0.3125,0.9621752698962908,-0.25,-0.875,0.3125
1435298005595,-0.3125,1,0.3125,1.0933034802834938,-0.3125,-1,0.3125
1435298005792,-0.375,1.9375,0.1875,1.9823439408942132,-0.375,-1.9375,0.1875
1435298005991,0.1875,0.25,0.5,0.5896238207535377,0.1875,-0.25,0.5
1435298006189,-0.625,1.75,1.0625,2.1405679736929635,-0.625,-1.75,1.0625
1435298006585,3.125,0.5625,0.25,3.1850480765602267,3.125,-0.5625,0.25
1435298006784,-0.4375,0.8125,0.4375,1.021258414898012,-0.4375,-0.8125,0.4375
1435298006983,-1.6875,-0.5625,-0.0625,1.7798788582372678,-1.6875,0.5625,-0.0625
1435298007182,-1.6875,-0.5625,0,1.7787811838447134,-1.6875,0.5625,0
1435298007380,0,0.4375,0.125,0.4550068680800324,0,-0.4375,0.125
1435298007579,-1.125,0.9375,0.25,1.4856080405005891,-1.125,-0.9375,0.25
1435298007778,-0.3125,1.0625,0.5,1.2151388809514738,-0.3125,-1.0625,0.5
1435298007977,-0.125,0.9375,0.1875,0.9642030387838445,-0.125,-0.9375,0.1875
1435298008374,-0.4375,1.1875,-0.0625,1.2670709332945809,-0.4375,-1.1875,-0.0625
1435298008378,0,-0.9375,0.1875,0.9560661587986472,0,0.9375,0.1875
1435298008573,-1.75,1.75,-0.3125,2.494525255434388,-1.75,-1.75,-0.3125
1435298008771,0.5,1.8125,0.25,1.8967488631866898,0.5,-1.8125,0.25
1435298008972,-0.3125,0.875,0.3125,0.9802741963348827,-0.3125,-0.875,0.3125
1435298009169,-0.3125,1,0.125,1.0551214385083834,-0.3125,-1,0.125
1435298009368,-0.125,-0.3125,0.3125,0.4592793267718459,-0.125,0.3125,0.3125
1435298009567,-0.25,0.875,0.25,0.9437293044088437,-0.25,-0.875,0.25
1435298009765,-0.875,0.75,0.625,1.3110110602126894,-0.875,-0.75,0.625
1435298009964,-0.0625,1.625,0.25,1.6453058226360229,-0.0625,-1.625,0.25
1435298010361,-0.25,0.9375,0.625,1.1541365820387117,-0.25,-0.9375,0.625
1435298010560,0.5625,2.0625,0.0625,2.138742329033584,0.5625,-2.0625,0.0625
1435298010562,-0.25,0.3125,0.5625,0.6903350635742038,-0.25,-0.3125,0.5625
1435298010759,-0.875,0.9375,-0.1875,1.2960275845829825,-0.875,-0.9375,-0.1875
1435298011355,-0.125,0.875,-0.9375,1.288470508005519,-0.125,-0.875,-0.9375
1435298011555,0.1875,2.3125,0.25,2.333519337824309,0.1875,-2.3125,0.25
1435298011557,-0.125,0.9375,0.5625,1.100426053853688,-0.125,-0.9375,0.5625
1435298011558,-0.3125,0.875,0,0.9291292967074066,-0.3125,-0.875,0
1435298011753,-1.5,-0.4375,0,1.5625,-1.5,0.4375,0
1435298011951,-0.125,1.0625,1.9375,2.2132414012032218,-0.125,-1.0625,1.9375
1435298012150,-6.5625,1.8125,0.5625,6.831395812716461,-6.5625,-1.8125,0.5625
1435298012548,-0.3125,1,0.3125,1.0933034802834938,-0.3125,-1,0.3125
1435298012550,-0.1875,1,0.75,1.2639842760097928,-0.1875,-1,0.75
1435298012747,0.125,0.4375,0,0.4550068680800324,0.125,-0.4375,0
1435298012945,-0.125,0.8125,0.5625,0.9960860906568267,-0.125,-0.8125,0.5625
1435298013144,-1.0625,0.8125,-0.3125,1.3735788109897444,-1.0625,-0.8125,-0.3125
1435298013343,0.1875,1.5625,0.25,1.5934435979977453,0.1875,-1.5625,0.25
1435298013541,-0.1875,0.8125,0.3125,0.8904879280484379,-0.1875,-0.8125,0.3125
1435298013740,0.3125,1.5625,0.375,1.6369751067135994,0.3125,-1.5625,0.375
1435298013939,-0.1875,0.5625,0.625,0.8615030470056388,-0.1875,-0.5625,0.625
1435298014138,-0.1875,0.9375,-0.5,1.0789172813520043,-0.1875,-0.9375,-0.5
1435298014339,2.9375,1.5625,0.25,3.3365869537597845,2.9375,-1.5625,0.25
1435298014537,-0.1875,1.0625,0.3125,1.1232625472257143,-0.1875,-1.0625,0.3125
1435298014739,-0.0625,0.9375,0.5,1.0643366478704002,-0.0625,-0.9375,0.5
1435298014934,-0.0625,1.3125,0.625,1.455055840852852,-0.0625,-1.3125,0.625
1435298015132,-0.625,0.5,0.75,1.0968705484240153,-0.625,-0.5,0.75
1435298015331,-0.75,0.4375,0.5625,1.034559084827928,-0.75,-0.4375,0.5625
1435298015530,-0.9375,0.75,0.5625,1.3258252147247767,-0.9375,-0.75,0.5625
1435298015728,0.6875,2.9375,0,3.0168795965367927,0.6875,-2.9375,0
1435298015927,-0.375,0.8125,0.25,0.9291292967074066,-0.375,-0.8125,0.25
1435298016126,-0.5,1,0.3125,1.1608859763129193,-0.5,-1,0.3125
1435298016324,-0.6875,-0.6875,0.375,1.0420832500333166,-0.6875,0.6875,0.375
1435298016523,-0.625,1.375,1.25,1.9605483926697653,-0.625,-1.375,1.25
1435298016722,-2.1875,1.625,0.25,2.7364724098737043,-2.1875,-1.625,0.25
1435298016921,-0.5,0.875,0.375,1.0752906583803283,-0.5,-0.875,0.375
1435298017119,-0.375,0.875,0.4375,1.0476909133900132,-0.375,-0.875,0.4375
1435298017318,-0.4375,0.5625,-0.125,0.7234898064243891,-0.4375,-0.5625,-0.125
1435298017517,-0.125,0.8125,0.125,0.8315084184781294,-0.125,-0.8125,0.125
1435298017716,-1,0.9375,0.0625,1.3721561500062593,-1,-0.9375,0.0625
1435298017914,-0.75,0.8125,0.25,1.1336473217010659,-0.75,-0.8125,0.25
1435298018113,-0.1875,0.9375,0.5625,1.109264959331178,-0.1875,-0.9375,0.5625
1435298018312,-0.25,1,0.1875,1.0476909133900132,-0.25,-1,0.1875
1435298018510,-0.4375,-0.375,0.125,0.5896238207535377,-0.4375,0.375,0.125
1435298018709,-0.1875,0.9375,0.25,0.9882117688026185,-0.1875,-0.9375,0.25
1435298019107,-0.75,0.8125,0.0625,1.1075028216668343,-0.75,-0.8125,0.0625
1435298019108,-0.875,1.25,0.25,1.5461646096066226,-0.875,-1.25,0.25
1435298019306,-0.25,0.6875,0.5625,0.9228014412645875,-0.25,-0.6875,0.5625
1435298019504,0.375,1.9375,0.0625,1.9744461248664142,0.375,-1.9375,0.0625
1435298019703,-0.1875,0.1875,0.25,0.3644344934278313,-0.1875,-0.1875,0.25
1435298019902,-0.625,0.6875,0.375,1.0019512213675874,-0.625,-0.6875,0.375
1435298020101,-0.6875,0.8125,0.1875,1.0807260291119114,-0.6875,-0.8125,0.1875
1435298020301,-0.5625,0.625,0.3125,0.8970437559004577,-0.5625,-0.625,0.3125
1435298020498,-0.1875,0.9375,0.25,0.9882117688026185,-0.1875,-0.9375,0.25
1435298020697,-0.3125,1.375,0.1875,1.4224758345926303,-0.3125,-1.375,0.1875
1435298021491,-0.3125,-0.4375,0.1875,0.5694020986965187,-0.3125,0.4375,0.1875
1435298021493,-0.6875,1.125,0.0625,1.3199195051214296,-0.6875,-1.125,0.0625
1435298021494,-0.625,0.8125,0.125,1.032669477616144,-0.625,-0.8125,0.125
1435298021690,-0.5,0.8125,0.375,1.0250762166785454,-0.5,-0.8125,0.375
1435298021692,-0.25,0.9375,0.1875,0.9882117688026185,-0.25,-0.9375,0.1875
1435298022088,-0.3125,1.75,0.125,1.7820721786729066,-0.3125,-1.75,0.125
1435298022090,0.1875,-0.1875,0.375,0.4592793267718459,0.1875,0.1875,0.375
1435298022486,-0.4375,1.5,0.0625,1.5637495003996005,-0.4375,-1.5,0.0625
1435298022487,-1.375,0.875,0.3125,1.6594897559189692,-1.375,-0.875,0.3125
1435298022685,-0.5625,0.75,0.375,1.0097184013377194,-0.5625,-0.75,0.375
1435298023479,-0.25,0.8125,0.1875,0.8705242673240075,-0.25,-0.8125,0.1875
1435298023480,-0.625,1.6875,0.0625,1.8006075363609917,-0.625,-1.6875,0.0625
1435298023482,-0.4375,-0.3125,0.375,0.6555055301063447,-0.4375,0.3125,0.375
1435298024075,-0.625,1,-0.3125,1.219951330996446,-0.625,-1,-0.3125
1435298024077,-0.3125,1.5,0.25,1.5524677935467777,-0.3125,-1.5,0.25
1435298024078,-0.375,1.25,0.25,1.3287682265918312,-0.375,-1.25,0.25
1435298090064,-0.5,0.875,0.375,1.0752906583803283,-0.5,-0.875,0.375
1435298090460,-0.1875,0.9375,0.3125,1.0058423087144426,-0.1875,-0.9375,0.3125
1435298090461,0.1875,1.25,0.0625,1.2655285457072867,0.1875,-1.25,0.0625
1435298090463,-0.125,0.5,0.5,0.7180703308172536,-0.125,-0.5,0.5
1435298090657,-0.8125,1.25,-0.125,1.496088650448228,-0.8125,-1.25,-0.125
1435298090856,0.125,1.8125,0.1875,1.8264548995253072,0.125,-1.8125,0.1875
1435298091054,-0.3125,0.875,0.375,1.0019512213675874,-0.3125,-0.875,0.375
1435298091253,-0.3125,0.9375,0.3125,1.0364452469860626,-0.3125,-0.9375,0.3125
1435298091452,0.125,1.5,-0.125,1.5103807466993215,0.125,-1.5,-0.125
1435298091651,0.0625,-0.0625,0.625,0.6312190586476298,0.0625,0.0625,0.625
1435298091849,-1.1875,1.4375,-0.0625,1.8656014445749125,-1.1875,-1.4375,-0.0625
1435298092048,0.6875,2.4375,0.125,2.535682846887599,0.6875,-2.4375,0.125
1435298092247,-0.375,0.8125,0.375,0.9702609185162515,-0.375,-0.8125,0.375
1435298092448,-0.375,0.9375,0,1.0097184013377194,-0.375,-0.9375,0
1435298092644,-0.25,0.3125,0.125,0.4192627457812106,-0.25,-0.3125,0.125
1435298092843,0.1875,0.8125,0.0625,0.8361930100162283,0.1875,-0.8125,0.0625
1435298093241,-0.9375,1,0.1875,1.383496476323666,-0.9375,-1,0.1875
1435298093245,-0.5,0.8125,0.3125,1.0038986502630631,-0.5,-0.8125,0.3125
1435298093439,-0.125,0.9375,0,0.9457966219013473,-0.125,-0.9375,0
1435298093638,-0.4375,1.25,-0.0625,1.3258252147247767,-0.4375,-1.25,-0.0625
1435298093837,-0.5625,-0.0625,0.25,0.6187184335382291,-0.5625,0.0625,0.25
1435298094035,-0.25,1.3125,1.625,2.1037540849633545,-0.25,-1.3125,1.625
1435298094433,0.125,1.5,0.25,1.5258194519667128,0.125,-1.5,0.25
1435298094633,-0.3125,0.875,0.3125,0.9802741963348827,-0.3125,-0.875,0.3125
1435298094634,-0.25,0.9375,0.0625,0.9722718241315028,-0.25,-0.9375,0.0625
1435298095029,-0.75,1.375,0.375,1.6105123408406408,-0.75,-1.375,0.375
1435298095229,0.25,-0.3125,0.5625,0.6903350635742038,0.25,0.3125,0.5625
1435298095230,-1,1,0.125,1.4197270864500684,-1,-1,0.125
1435298095427,-0.375,0.9375,0.25,1.0402073110683274,-0.375,-0.9375,0.25
1435298095626,-0.6875,0.625,0.3125,0.9802741963348827,-0.6875,-0.625,0.3125
1435298095825,-0.4375,0.75,0.1875,0.8882919002219934,-0.4375,-0.75,0.1875
1435298096023,-0.1875,0.4375,0.0625,0.480071609241788,-0.1875,-0.4375,0.0625
1435298096421,-0.25,1,-0.25,1.0606601717798212,-0.25,-1,-0.25
1435298096422,2.4375,1.125,0.25,2.696206826265374,2.4375,-1.125,0.25
1435298096619,-0.4375,1.0625,0.1875,1.1642460006373223,-0.4375,-1.0625,0.1875
1435298096818,-0.3125,0.8125,0.5,1.0038986502630631,-0.3125,-0.8125,0.5
1435298097017,0.6875,2.4375,0.625,2.608579594338651,0.6875,-2.4375,0.625
1435298097216,-0.125,0.4375,1.3125,1.3891319231808044,-0.125,-0.4375,1.3125
1435298097812,-1.6875,1.625,0.0625,2.3435416574065844,-1.6875,-1.625,0.0625
1435298097813,-0.4375,1.4375,0.375,1.5486889616704833,-0.4375,-1.4375,0.375
1435298097815,-0.125,0.875,0.5,1.015504800579495,-0.125,-0.875,0.5
1435298098011,0.0625,1,0.875,1.3302372908620477,0.0625,-1,0.875
1435298098210,-0.0625,1.8125,0.375,1.8519415487536317,-0.0625,-1.8125,0.375
1435298098408,-0.1875,0.3125,1.25,1.3020416659999787,-0.1875,-0.3125,1.25
1435298098609,-1.75,1.625,0.25,2.401171589037318,-1.75,-1.625,0.25
1435298098808,0.0625,1.25,0.25,1.2762861160413836,0.0625,-1.25,0.25
1435298099008,-0.0625,1.0625,0.3125,1.109264959331178,-0.0625,-1.0625,0.3125
1435298099403,-0.125,1,0.25,1.0383279828647594,-0.125,-1,0.25
1435298099404,-0.25,2.75,0,2.7613402542968153,-0.25,-2.75,0
1435298099601,0.1875,-0.25,0.5625,0.6434768838116876,0.1875,0.25,0.5625
1435298099800,-0.8125,1.5625,0.0625,1.7622340224839605,-0.8125,-1.5625,0.0625
1435298099999,-0.4375,1,0.125,1.0986497394529342,-0.4375,-1,0.125
1435298100198,-0.5,0.9375,0.375,1.1267347735824966,-0.5,-0.9375,0.375
1435298100397,-0.25,0.75,0.125,0.8003905296791061,-0.25,-0.75,0.125
1435298100595,0.0625,0.75,0,0.7525996611745185,0.0625,-0.75,0
1435298100793,0,0.75,0.25,0.7905694150420949,0,-0.75,0.25
1435298100992,-0.8125,0.9375,0.375,1.2960275845829825,-0.8125,-0.9375,0.375
1435298101191,-0.5,0.875,0.3125,1.0551214385083834,-0.5,-0.875,0.3125
1435298101389,-0.1875,0.9375,0.375,1.0269797953221864,-0.1875,-0.9375,0.375
1435298101588,-0.3125,0.8125,-0.0625,0.8727650027355588,-0.3125,-0.8125,-0.0625
1435298101787,-0.8125,0.25,0.0625,0.852386356061616,-0.8125,-0.25,0.0625
1435298101986,0.125,0.875,0.1875,0.90355201842506,0.125,-0.875,0.1875
1435298102185,-0.875,0.9375,0.0625,1.2839149115108837,-0.875,-0.9375,0.0625
1435298102384,-0.5625,0.75,0.25,0.9702609185162515,-0.5625,-0.75,0.25
1435298102582,-0.375,0.6875,0.1875,0.8052561704203204,-0.375,-0.6875,0.1875
1435298102781,0.6875,2,0.125,2.1185564070847867,0.6875,-2,0.125
1435298102980,-0.1875,0.4375,1.375,1.455055840852852,-0.1875,-0.4375,1.375
1435298103576,-1.8125,1,0.3125,2.093516778055528,-1.8125,-1,0.3125
1435298103577,-0.375,1,0.3125,1.1127808634228036,-0.375,-1,0.3125
1435298103578,-0.1875,0.875,0.5,1.0250762166785454,-0.1875,-0.875,0.5
1435298103775,-0.25,0.8125,0,0.8500919067959652,-0.25,-0.8125,0
1435298103974,-0.625,-0.625,0.0625,0.8860904299223641,-0.625,0.625,0.0625
1435298104967,-0.3125,1.125,0.4375,1.2468710839537502,-0.3125,-1.125,0.4375
1435298104969,-2.4375,1.25,0.3125,2.757093125014097,-2.4375,-1.25,0.3125
1435298104970,-0.375,0.875,0.25,0.9842509842514764,-0.375,-0.875,0.25
1435298105166,-0.3125,1,0.375,1.1127808634228036,-0.3125,-1,0.375
1435298105168,-0.125,1,0,1.0077822185373186,-0.125,-1,0
1435298105169,0.125,0.5,0.125,0.5303300858899106,0.125,-0.5,0.125
1435298105762,-2.25,0.9375,0.3125,2.4574504064171876,-2.25,-0.9375,0.3125
1435298105763,-0.25,0.875,0.375,0.9842509842514764,-0.25,-0.875,0.375
1435298105765,-0.25,0.9375,0.0625,0.9722718241315028,-0.25,-0.9375,0.0625
1435298170757,0.1875,0.5,0.3125,0.6187184335382291,0.1875,-0.5,0.3125
1435298170954,-1.1875,1.25,0.5,1.795175827043134,-1.1875,-1.25,0.5
1435298171153,-0.4375,1.25,0.1875,1.3375584099395434,-0.4375,-1.25,0.1875
1435298171351,-0.3125,0.8125,0.25,0.9057110466368399,-0.3125,-0.8125,0.25
1435298171749,-0.4375,1,0.3125,1.1353688827865593,-0.4375,-1,0.3125
1435298171750,-1.125,-0.0625,0.4375,1.2086924753633572,-1.125,0.0625,0.4375
1435298171947,-0.25,1.5,0.1875,1.5322063340164078,-0.25,-1.5,0.1875
1435298172146,-0.75,0.875,0.125,1.159202311936963,-0.75,-0.875,0.125
1435298172542,-0.6875,0.9375,0.375,1.221551267855754,-0.6875,-0.9375,0.375
1435298172544,-0.125,0.9375,0.375,1.0174262872562316,-0.125,-0.9375,0.375
1435298172742,-0.3125,1.3125,0.3125,1.3849074878850212,-0.3125,-1.3125,0.3125
1435298172940,-0.0625,0.0625,-0.125,0.15309310892394862,-0.0625,-0.0625,-0.125
1435298173139,-0.0625,0.5625,0.375,0.6789237807000135,-0.0625,-0.5625,0.375
1435298173340,-0.9375,1.125,0.875,1.7059180079945226,-0.9375,-1.125,0.875
1435298173537,0.0625,1.875,0.3125,1.9018905068378673,0.0625,-1.875,0.3125
1435298173736,-0.1875,0.875,0.125,0.90355201842506,-0.1875,-0.875,0.125
1435298173937,-0.5,0.8125,0.1875,0.9722718241315028,-0.5,-0.8125,0.1875
1435298174135,-0.75,-0.25,0.125,0.8003905296791061,-0.75,0.25,0.125
1435298174531,-0.4375,1.3125,0.25,1.405902734900249,-0.4375,-1.3125,0.25
1435298174532,-0.75,0.9375,0.25,1.2263385543967864,-0.75,-0.9375,0.25
1435298174729,-0.5625,0.875,0.25,1.0698276730389806,-0.5625,-0.875,0.25
1435298174928,-0.25,0.9375,0.125,0.978279740156158,-0.25,-0.9375,0.125
1435298175128,-0.375,1.125,0.6875,1.3707320124663318,-0.375,-1.125,0.6875
1435298175327,-0.5625,0.125,0.3125,0.6555055301063447,-0.5625,-0.125,0.3125
1435298175723,-0.5,1.5,0.125,1.58607219255619,-0.5,-1.5,0.125
1435298175724,-0.375,0.8125,-0.4375,0.9960860906568267,-0.375,-0.8125,-0.4375
1435298175922,-0.125,2,0.1875,2.012655273513077,-0.125,-2,0.1875
1435298176121,-0.3125,0.8125,0.375,0.9478594305064438,-0.3125,-0.8125,0.375
1435298176320,-0.3125,0.9375,0.5625,1.1370878374162658,-0.3125,-0.9375,0.5625
1435298176717,-0.4375,0.9375,-0.0625,1.0364452469860626,-0.4375,-0.9375,-0.0625
1435298176719,-0.125,0.375,0.625,0.739509972887452,-0.125,-0.375,0.625
1435298176916,-0.75,1.3125,1.6875,2.2655711200489823,-0.75,-1.3125,1.6875
1435298177312,1.125,1.375,0.375,1.8157298807917437,1.125,-1.375,0.375
1435298177314,-0.25,1.0625,0.4375,1.1759304826391737,-0.25,-1.0625,0.4375
1435298177710,-0.125,0.9375,0.25,0.978279740156158,-0.125,-0.9375,0.25
1435298177712,0,2.1875,0,2.1875,0,-2.1875,0
1435298177910,-0.0625,0.3125,0.5,0.5929270612815711,-0.0625,-0.3125,0.5
1435298178306,-1.25,1.25,-0.375,1.80710403685012,-1.25,-1.25,-0.375
1435298178505,-0.4375,1.8125,0.375,1.9018905068378673,-0.4375,-1.8125,0.375
1435298178507,-0.3125,0.75,0.25,0.8500919067959652,-0.3125,-0.75,0.25
1435298178705,-0.3125,0.875,0.375,1.0019512213675874,-0.3125,-0.875,0.375
1435298178905,-0.25,1.875,0.6875,2.012655273513077,-0.25,-1.875,0.6875
1435298179102,-0.5,-0.4375,1.1875,1.3607213160673275,-0.5,0.4375,1.1875
1435298179302,-0.5,1.3125,-0.4375,1.4710752869924775,-0.5,-1.3125,-0.4375
1435298179898,0.875,2.1875,0.375,2.3856668354990394,0.875,-2.1875,0.375
1435298179902,-0.1875,1,0.3125,1.0643366478704002,-0.1875,-1,0.3125
1435298179903,-0.125,1,0.4375,1.0986497394529342,-0.125,-1,0.4375
1435298180096,0,1.375,0.75,1.5662455107677085,0,-1.375,0.75
1435298180294,-0.6875,0.75,0.625,1.194060823408925,-0.6875,-0.75,0.625
1435298180493,-0.125,0.625,0.0625,0.6404344228724749,-0.125,-0.625,0.0625
1435298180692,0.6875,1.375,0.3125,1.5687375497513916,0.6875,-1.375,0.3125
1435298181089,-0.125,1,0.375,1.0752906583803283,-0.125,-1,0.375
1435298181092,-0.125,1,0.4375,1.0986497394529342,-0.125,-1,0.4375
1435298181288,0.125,2.375,0.1875,2.3856668354990394,0.125,-2.375,0.1875
1435298181487,-0.125,0.625,0.0625,0.6404344228724749,-0.125,-0.625,0.0625
1435298181686,-1.4375,1.125,-0.1875,1.8349897819878997,-1.4375,-1.125,-0.1875
1435298181884,-0.375,1.5625,0.25,1.626201478907211,-0.375,-1.5625,0.25
1435298182083,-0.375,0.75,0.1875,0.85923294280422,-0.375,-0.75,0.1875
1435298182282,-0.3125,1,-0.1875,1.0643366478704002,-0.3125,-1,-0.1875
1435298182481,0.125,0.6875,0.1875,0.7234898064243891,0.125,-0.6875,0.1875
1435298182679,-1.1875,1,0.1875,1.5637495003996005,-1.1875,-1,0.1875
1435298182878,-0.75,0.9375,0.375,1.2577882373436318,-0.75,-0.9375,0.375
1435298183077,-0.1875,0.9375,0.3125,1.0058423087144426,-0.1875,-0.9375,0.3125
1435298183276,0.25,2.375,-0.3125,2.4084811084997115,0.25,-2.375,-0.3125
1435298183474,0.0625,0.4375,0.375,0.5796011559684815,0.0625,-0.4375,0.375
1435298183872,-1.375,1,0.25,1.71846588560844,-1.375,-1,0.25
1435298183874,-0.4375,1.5625,0.25,1.6417406920704622,-0.4375,-1.5625,0.25
1435298184071,-0.1875,0.875,0.5,1.0250762166785454,-0.1875,-0.875,0.5
1435298184269,0.125,2.5625,0.1875,2.5723894534070846,0.125,-2.5625,0.1875
1435298184468,-0.375,0.25,1.25,1.3287682265918312,-0.375,-0.25,1.25
1435298184667,-1.3125,1.375,0.375,1.9375,-1.3125,-1.375,0.375
1435298184866,-0.4375,0.8125,0.125,0.9312290266094587,-0.4375,-0.8125,0.125
1435298185064,-0.1875,0.9375,0.375,1.0269797953221864,-0.1875,-0.9375,0.375
1435298185263,-0.0625,1.3125,0.0625,1.3154728237405742,-0.0625,-1.3125,0.0625
1435298186256,-0.625,0.25,-0.1875,0.6987712429686843,-0.625,-0.25,-0.1875
1435298186258,0.375,0.625,0.25,0.770551750371122,0.375,-0.625,0.25
1435298186259,-1.4375,1,0.1875,1.7611253504506714,-1.4375,-1,0.1875
1435298187250,-0.4375,0.75,0.375,0.9457966219013473,-0.4375,-0.75,0.375
1435298187449,-0.25,0.9375,0.25,1.0019512213675874,-0.25,-0.9375,0.25
1435298187451,-0.125,2,-0.375,2.038688303787511,-0.125,-2,-0.375
1435298187453,0.25,0.25,0.375,0.5153882032022076,0.25,-0.25,0.375
1435298338422,-0.125,1.625,-0.1875,1.640550593550836,-0.125,-1.625,-0.1875
1435298339015,0,0.875,0.375,0.9519716382329886,0,-0.875,0.375
1435298339214,-1,0.75,0.3125,1.288470508005519,-1,-0.75,0.3125
1435298339412,-0.25,0.9375,0.3125,1.0193441518937556,-0.25,-0.9375,0.3125
1435298339610,-0.25,0.9375,0.25,1.0019512213675874,-0.25,-0.9375,0.25
1435298339612,-0.5625,0.9375,0.1875,1.109264959331178,-0.5625,-0.9375,0.1875
1435298340207,-0.5,-0.625,0.25,0.8385254915624212,-0.5,0.625,0.25
1435298340209,-0.1875,1.1875,0.3125,1.242162932146987,-0.1875,-1.1875,0.3125
1435298340405,-0.6875,0.875,0.25,1.1405179744309162,-0.6875,-0.875,0.25
1435298340407,-0.625,1.8125,0,1.9172327062722458,-0.625,-1.8125,0
1435298340604,-0.3125,0.9375,0.25,1.0193441518937556,-0.3125,-0.9375,0.25
1435298340803,-0.4375,0.9375,-0.25,1.0643366478704002,-0.4375,-0.9375,-0.25
1435298341002,-0.6875,-0.25,-0.1875,0.7551903733496608,-0.6875,0.25,-0.1875
1435298341200,-0.1875,0.75,1.5625,1.7432907101226691,-0.1875,-0.75,1.5625
1435298341399,-4.125,1.625,0.375,4.449367932639421,-4.125,-1.625,0.375
1435298341598,-0.25,1.0625,0.3125,1.1353688827865593,-0.25,-1.0625,0.3125
1435298341797,-0.3125,0.9375,-0.0625,0.9901862198596787,-0.3125,-0.9375,-0.0625
1435298341996,-0.75,-0.0625,-0.1875,0.7756046028744286,-0.75,0.0625,-0.1875
1435298342194,0,1.125,0.0625,1.1267347735824966,0,-1.125,0.0625
1435298342592,-0.4375,0.875,0.5,1.0986497394529342,-0.4375,-0.875,0.5
1435298342595,0.625,2.25,0.25,2.348536778506992,0.625,-2.25,0.25
1435298342791,-0.25,0.9375,0.375,1.0402073110683274,-0.25,-0.9375,0.375
1435298343188,-0.3125,0.875,0.1875,0.9478594305064438,-0.3125,-0.875,0.1875
1435298343189,-0.125,0.875,0,0.8838834764831844,-0.125,-0.875,0
1435298343387,-0.0625,0.5625,0.5625,0.7979465834252315,-0.0625,-0.5625,0.5625
1435298343585,-1.25,1.0625,-0.4375,1.6978847134007655,-1.25,-1.0625,-0.4375
1435298343784,0.1875,1.875,0.25,1.9008632907181937,0.1875,-1.875,0.25
1435298344182,-0.1875,0.9375,0.3125,1.0058423087144426,-0.1875,-0.9375,0.3125
1435298344183,-0.1875,0.9375,0.1875,0.9742785792574935,-0.1875,-0.9375,0.1875
1435298344380,-0.6875,1.125,0.125,1.3243512562760682,-0.6875,-1.125,0.125
1435298344579,-0.9375,-0.125,0,0.9457966219013473,-0.9375,0.125,0
1435298344778,-0.0625,0.25,0.5,0.5625,-0.0625,-0.25,0.5
1435298344977,-1.3125,1.5,1.0625,2.2586638749490815,-1.3125,-1.5,1.0625
1435298345175,0.5625,2.25,0.1875,2.3268138086232857,0.5625,-2.25,0.1875
1435298345573,-0.3125,0.8125,0.1875,0.8904879280484379,-0.3125,-0.8125,0.1875
1435298345575,-0.4375,0.875,0.125,0.9862333648787187,-0.4375,-0.875,0.125
1435298345772,-0.625,-0.5,0.25,0.8385254915624212,-0.625,0.5,0.25
1435298345970,-0.75,1.6875,0.25,1.8635064394844467,-0.75,-1.6875,0.25
1435298346170,-0.1875,0.9375,0.3125,1.0058423087144426,-0.1875,-0.9375,0.3125
1435298346568,-0.4375,1.875,0.25,1.9415280708761333,-0.4375,-1.875,0.25
1435298346765,-0.25,0.875,0.3125,0.9621752698962908,-0.25,-0.875,0.3125
1435298346965,-0.4375,1,0.1875,1.1075028216668343,-0.4375,-1,0.1875
1435298346967,-1.0625,0.4375,0.875,1.444277501036418,-1.0625,-0.4375,0.875
1435298347164,-0.3125,1.0625,-0.0625,1.109264959331178,-0.3125,-1.0625,-0.0625
1435298347364,1.625,1.5625,0.1875,2.2621201338567323,1.625,-1.5625,0.1875
1435298347560,-0.1875,1.125,0.25,1.1675963557668378,-0.1875,-1.125,0.25
1435298347759,-0.3125,0.875,0.6875,1.155827625556683,-0.3125,-0.875,0.6875
1435298347958,1.1875,2.0625,0.1875,2.387303656848035,1.1875,-2.0625,0.1875
1435298348157,-0.125,0.125,0.875,0.8926785535678563,-0.125,-0.125,0.875
1435298348355,-1.125,1.6875,-0.4375,2.074774084087229,-1.125,-1.6875,-0.4375
1435298348554,-0.6875,0.875,0.25,1.1405179744309162,-0.6875,-0.875,0.25
1435298348753,-0.125,1,0.4375,1.0986497394529342,-0.125,-1,0.4375
1435298348952,-0.125,0.8125,0,0.8220591523728691,-0.125,-0.8125,0
1435298349151,0,0.5625,0,0.5625,0,-0.5625,0
1435298349349,-0.6875,1.1875,1.375,1.9425337834900067,-0.6875,-1.1875,1.375
1435298349549,1.8125,1.6875,0.25,2.4890384689674847,1.8125,-1.6875,0.25
1435298349747,-0.375,1.1875,0.375,1.3005407529178008,-0.375,-1.1875,0.375
1435298349946,-0.125,1.125,0.25,1.159202311936963,-0.125,-1.125,0.25
1435298350145,-0.0625,1.25,-0.125,1.2577882373436318,-0.0625,-1.25,-0.125
1435298350344,0,0.8125,0.1875,0.8338540040078959,0,-0.8125,0.1875
1435298350543,-0.8125,0.9375,0.0625,1.242162932146987,-0.8125,-0.9375,0.0625
1435298350741,-0.75,0.5625,0.375,1.0097184013377194,-0.75,-0.5625,0.375
1435298350940,-0.125,0.9375,0.0625,0.9478594305064438,-0.125,-0.9375,0.0625
1435298351139,-0.5,1.125,-0.1875,1.2453036778232047,-0.5,-1.125,-0.1875
1435298351337,-0.375,-0.3125,0.4375,0.6555055301063447,-0.375,0.3125,0.4375
1435298351536,-0.8125,1.375,0.9375,1.8519415487536317,-0.8125,-1.375,0.9375
1435298351735,0.5625,1.25,0.1875,1.383496476323666,0.5625,-1.25,0.1875
1435298351934,-0.3125,1.0625,0.25,1.1353688827865593,-0.3125,-1.0625,0.25
1435298352132,-0.3125,0.875,0.625,1.1197795541980573,-0.3125,-0.875,0.625
1435298352331,0.4375,1.8125,0.5625,1.9475545563603605,0.4375,-1.8125,0.5625
1435298352729,-0.1875,0.5,0.6875,0.8705242673240075,-0.1875,-0.5,0.6875
1435298352730,-2,1,0.25,2.25,-2,-1,0.25
1435298352928,-0.375,1.0625,0.3125,1.1692679333668567,-0.375,-1.0625,0.3125
1435298353126,-0.0625,0.9375,0.375,1.0116508785149154,-0.0625,-0.9375,0.375
1435298353920,-0.25,1.0625,0.125,1.0986497394529342,-0.25,-1.0625,0.125
1435298354119,-0.375,0.375,-0.0625,0.5340002340823456,-0.375,-0.375,-0.0625
1435298354517,-0.125,0.875,0.3125,0.9375,-0.125,-0.875,0.3125
1435298354519,-0.875,1.0625,0.25,1.398939330349962,-0.875,-1.0625,0.25
1435298354521,0.0625,1.875,0.375,1.9131534831267458,0.0625,-1.875,0.375
1435298355113,-0.25,0.9375,0.3125,1.0193441518937556,-0.25,-0.9375,0.3125
1435298355114,-0.3125,0.875,0.25,0.9621752698962908,-0.3125,-0.875,0.25
1435298355312,-0.875,-0.25,0,0.9100137361600648,-0.875,0.25,0
1435298355315,-0.3125,1,0.1875,1.0643366478704002,-0.3125,-1,0.1875
1435298355315,-0.9375,0.9375,0.375,1.3778379803155376,-0.9375,-0.9375,0.375
1435298356505,-0.5625,0.875,0.3125,1.086134199811423,-0.5625,-0.875,0.3125
1435298356506,-0.1875,0.9375,0.1875,0.9742785792574935,-0.1875,-0.9375,0.1875
1435298356508,-0.375,1.625,0.0625,1.6688787403523362,-0.375,-1.625,0.0625
1435298403214,-0.625,1,0.3125,1.219951330996446,-0.625,-1,0.3125
1435298403411,-0.6875,0.6875,0.3125,1.021258414898012,-0.6875,-0.6875,0.3125
1435298403609,-0.3125,0.75,0.3125,0.8705242673240075,-0.3125,-0.75,0.3125
1435298403807,-0.25,2.0625,-0.125,2.081353225668339,-0.25,-2.0625,-0.125
1435298404007,0.4375,0.125,0.375,0.5896238207535377,0.4375,-0.125,0.375
1435298404204,-0.875,1.5,-0.125,1.741048534648015,-0.875,-1.5,-0.125
1435298404403,-0.5625,1.625,0.3125,1.7477664317636954,-0.5625,-1.625,0.3125
1435298404602,-0.25,1.125,0.25,1.1792476415070754,-0.25,-1.125,0.25
1435298404801,-0.3125,1.25,0.625,1.4320549046737,-0.3125,-1.25,0.625
1435298404999,-0.125,0.125,0.75,0.770551750371122,-0.125,-0.125,0.75
1435298405198,-0.75,1,0.1875,1.2639842760097928,-0.75,-1,0.1875
1435298405596,-0.6875,0.8125,0.25,1.0933034802834938,-0.6875,-0.8125,0.25
1435298405597,0.1875,2.375,0.25,2.3954709870921,0.1875,-2.375,0.25
1435298405794,-0.25,0.875,0.25,0.9437293044088437,-0.25,-0.875,0.25
1435298405993,-0.3125,1.3125,-0.1875,1.3621559198564606,-0.3125,-1.3125,-0.1875
1435298406192,-0.8125,-0.5,0.3125,1.0038986502630631,-0.8125,0.5,0.3125
1435298406391,-0.6875,1.75,1.3125,2.2929920409805176,-0.6875,-1.75,1.3125
1435298406590,0.125,1.1875,0.3125,1.2342761036332186,0.125,-1.1875,0.3125
1435298406789,-0.4375,0.9375,0.3125,1.0807260291119114,-0.4375,-0.9375,0.3125
1435298406987,-0.1875,1.125,0.0625,1.1422291801560667,-0.1875,-1.125,0.0625
1435298407185,-0.5,0.625,-0.0625,0.8028270361665706,-0.5,-0.625,-0.0625
1435298407384,0.0625,0.625,0.375,0.7315437444199766,0.0625,-0.625,0.375
1435298407583,-0.8125,1.25,0.1875,1.5026019100214134,-0.8125,-1.25,0.1875
1435298407782,-0.125,1.8125,0.25,1.8339250938901512,-0.125,-1.8125,0.25
1435298407981,-0.3125,0.9375,0.25,1.0193441518937556,-0.3125,-0.9375,0.25
1435298408378,-0.375,1.125,0.8125,1.4375,-0.375,-1.125,0.8125
1435298409571,-0.9375,-0.375,0.6875,1.221551267855754,-0.9375,0.375,0.6875
1435298409572,-0.375,1.125,-0.1875,1.200585794518659,-0.375,-1.125,-0.1875
1435298409574,-0.8125,2.0625,0.1875,2.2246839663197107,-0.8125,-2.0625,0.1875
1435298409769,-0.1875,0.9375,0.375,1.0269797953221864,-0.1875,-0.9375,0.375
1435298409771,-0.125,1.0625,0.3125,1.114534656257938,-0.125,-1.0625,0.3125
1435298409772,0.1875,1.375,0.0625,1.3891319231808044,0.1875,-1.375,0.0625
1435298409969,0.0625,0.5,0.375,0.6281172263200556,0.0625,-0.5,0.375
1435298409970,-1.25,1,0,1.6007810593582121,-1.25,-1,0
1435298409972,-0.5625,0.5625,0.1875,0.8172935519138763,-0.5625,-0.5625,0.1875
1435298410566,-0.375,0.625,-0.0625,0.7315437444199766,-0.375,-0.625,-0.0625
1435298410567,0.0625,0.25,0.0625,0.2651650429449553,0.0625,-0.25,0.0625
1435298410568,-0.3125,1,0.0625,1.0495534764841665,-0.3125,-1,0.0625
1435298410764,-0.8125,0.875,0.25,1.219951330996446,-0.8125,-0.875,0.25
1435298411161,-0.5,0.875,0.3125,1.0551214385083834,-0.5,-0.875,0.3125
1435298411162,-0.3125,0.75,0.625,1.0250762166785454,-0.3125,-0.75,0.625
1435298411361,-0.25,2,0.4375,2.0625,-0.25,-2,0.4375
1435298411759,-0.3125,-0.125,1.625,1.6594897559189692,-0.3125,0.125,1.625
1435298411760,-0.875,2.1875,0.0625,2.3568384543706005,-0.875,-2.1875,0.0625
1435298412155,0.375,0.875,0.125,0.960143218483576,0.375,-0.875,0.125
1435298412158,-0.25,1,0.1875,1.0476909133900132,-0.25,-1,0.1875
1435298412357,-0.125,1.125,0.875,1.4306903927824497,-0.125,-1.125,0.875
1435298412752,1,1.6875,0.5,2.0242668425877057,1,-1.6875,0.5
1435298412950,-0.3125,0.125,1.0625,1.114534656257938,-0.3125,-0.125,1.0625
1435298413148,-0.4375,1.5625,0.375,1.6653640743092786,-0.4375,-1.5625,0.375
1435298413149,-0.8125,1.875,0.3125,2.0672294260676534,-0.8125,-1.875,0.3125
1435298413347,-0.125,1,0.375,1.0752906583803283,-0.125,-1,0.375
1435298413546,-0.125,1,0.3125,1.0551214385083834,-0.125,-1,0.3125
1435298413745,-0.5625,1.125,0.375,1.3125,-0.5625,-1.125,0.375
1435298414143,0.4375,-0.5,0.25,0.7098635432250342,0.4375,0.5,0.25
1435298414144,-0.625,0.8125,0.125,1.032669477616144,-0.625,-0.8125,0.125
1435298414341,-0.875,1.4375,0.25,1.701332198602025,-0.875,-1.4375,0.25
1435298414540,-0.375,0.9375,0.375,1.0771054962258804,-0.375,-0.9375,0.375
1435298414739,-0.25,0.875,0.125,0.9185586535436918,-0.25,-0.875,0.125
1435298414938,-0.125,0.5,-0.25,0.57282196186948,-0.125,-0.5,-0.25
1435298415137,-0.25,0.875,0.5625,1.0698276730389806,-0.25,-0.875,0.5625
1435298415336,-1,1,0.1875,1.4265890263141658,-1,-1,0.1875
1435298415534,-0.75,0.6875,0.3125,1.0643366478704002,-0.75,-0.6875,0.3125
1435298415733,-0.3125,0.9375,0.25,1.0193441518937556,-0.3125,-0.9375,0.25
1435298415932,-0.4375,1.375,-0.1875,1.455055840852852,-0.4375,-1.375,-0.1875
1435298416130,-1.1875,-0.0625,0.125,1.195695404356812,-1.1875,0.0625,0.125
1435298416726,-0.4375,0.9375,-0.25,1.0643366478704002,-0.4375,-0.9375,-0.25
1435298416727,2.4375,1.6875,0.3125,2.981060004427955,2.4375,-1.6875,0.3125
1435298416729,-0.375,1.1875,0.25,1.2701500895563484,-0.375,-1.1875,0.25
1435298416925,-0.25,0.9375,0.25,1.0019512213675874,-0.25,-0.9375,0.25
1435298417124,0.375,1.4375,-0.125,1.4908575552345704,0.375,-1.4375,-0.125
1435298417323,0,0.5625,1.3125,1.4279574573494829,0,-0.5625,1.3125
1435298417719,-1.5,1,0.3125,1.829660146038056,-1.5,-1,0.3125
1435298417721,-0.1875,1.1875,0.3125,1.242162932146987,-0.1875,-1.1875,0.3125
1435298417919,-0.0625,0.9375,0.375,1.0116508785149154,-0.0625,-0.9375,0.375
1435298418118,-0.4375,1.0625,-0.1875,1.1642460006373223,-0.4375,-1.0625,-0.1875
1435298418317,-1.3125,-0.5,0.1875,1.4169730060943293,-1.3125,0.5,0.1875
1435298418713,-0.3125,1.125,2.3125,2.5905477220078383,-0.3125,-1.125,2.3125
1435298418714,1.0625,0.875,0.3125,1.4114487238295268,1.0625,-0.875,0.3125
1435298419111,-0.375,0.9375,0.375,1.0771054962258804,-0.375,-0.9375,0.375
1435298419113,-0.25,1,0.125,1.0383279828647594,-0.25,-1,0.125
1435298419509,0.0625,1.1875,0.125,1.195695404356812,0.0625,-1.1875,0.125
1435298419510,-0.1875,0.6875,0.3125,0.7781187248742958,-0.1875,-0.6875,0.3125
1435298421099,-1.1875,0.9375,0.5625,1.6141464462681197,-1.1875,-0.9375,0.5625
1435298421101,-0.4375,1.25,0.25,1.347741165802989,-0.4375,-1.25,0.25
1435298421102,-0.3125,0.8125,0.125,0.879452954966893,-0.3125,-0.8125,0.125
1435298502803,-0.5625,1.0625,0.25,1.2279301690242812,-0.5625,-1.0625,0.25
1435298503198,-0.1875,0.9375,0.125,0.9642030387838445,-0.1875,-0.9375,0.125
1435298503199,-0.25,1.5,-0.1875,1.5322063340164078,-0.25,-1.5,-0.1875
1435298503396,0.1875,-0.0625,0.125,0.23385358667337133,0.1875,0.0625,0.125
1435298503595,-1,1.4375,1.5,2.3057333432120894,-1,-1.4375,1.5
1435298503793,2.4375,1.375,0.4375,2.832567298406165,2.4375,-1.375,0.4375
1435298503992,-0.25,1,0.375,1.0968705484240153,-0.25,-1,0.375
1435298504389,-0.25,1.125,0,1.1524430571616109,-0.25,-1.125,0
1435298504391,-0.375,0.0625,-0.4375,0.5796011559684815,-0.375,-0.0625,-0.4375
1435298504588,-0.125,1.125,2.375,2.6309456474811483,-0.125,-1.125,2.375
1435298504787,0.125,0.75,0.3125,0.8220591523728691,0.125,-0.75,0.3125
1435298504986,-0.375,1.125,0.25,1.2119199643540823,-0.375,-1.125,0.25
1435298505184,-0.375,0.8125,0.0625,0.8970437559004577,-0.375,-0.8125,0.0625
1435298505383,0.0625,0.8125,0.5,0.9560661587986472,0.0625,-0.8125,0.5
1435298505583,-0.1875,0.8125,0.4375,0.9416574483324602,-0.1875,-0.8125,0.4375
1435298505979,-0.75,1.0625,1,1.640550593550836,-0.75,-1.0625,1
1435298506179,0,2.3125,0.25,2.3259742582410494,0,-2.3125,0.25
1435298506183,-0.3125,0.9375,0.4375,1.0807260291119114,-0.3125,-0.9375,0.4375
1435298506377,-0.1875,1,0.4375,1.1075028216668343,-0.1875,-1,0.4375
1435298506575,-0.5,0.75,-0.1875,0.9206824914160147,-0.5,-0.75,-0.1875
1435298506775,0.3125,0.375,0.375,0.6155536126122565,0.3125,-0.375,0.375
1435298506973,-1.125,1.4375,1,2.081353225668339,-1.125,-1.4375,1
1435298507172,-0.0625,1.25,0.1875,1.2655285457072867,-0.0625,-1.25,0.1875
1435298507371,-0.25,0.9375,0.1875,0.9882117688026185,-0.25,-0.9375,0.1875
1435298507569,-0.4375,1.25,0.25,1.347741165802989,-0.4375,-1.25,0.25
1435298507768,0,-0.3125,0.625,0.6987712429686843,0,0.3125,0.625
1435298507967,-1.25,1.5,0,1.9525624189766635,-1.25,-1.5,0
1435298508166,-0.3125,1.1875,0.125,1.2342761036332186,-0.3125,-1.1875,0.125
1435298508364,-0.4375,0.8125,0.125,0.9312290266094587,-0.4375,-0.8125,0.125
1435298508563,-0.25,1.3125,0.1875,1.3491895715576814,-0.25,-1.3125,0.1875
1435298508762,-0.75,0.125,1.5,1.6817030058842137,-0.75,-0.125,1.5
1435298508962,-0.625,1.625,-0.3125,1.7688714622606132,-0.625,-1.625,-0.3125
1435298509359,-0.75,2.4375,0.375,2.57769882841266,-0.75,-2.4375,0.375
1435298509360,-0.25,1,0.3125,1.0771054962258804,-0.25,-1,0.3125
1435298509557,-0.125,1.0625,0.1875,1.086134199811423,-0.125,-1.0625,0.1875
1435298509755,0.6875,2,0.375,2.1478550346799477,0.6875,-2,0.375
1435298509954,-0.0625,0.0625,1.0625,1.0661701318269987,-0.0625,-0.0625,1.0625
1435298510153,-0.25,1.625,0.75,1.80710403685012,-0.25,-1.625,0.75
1435298510352,-0.375,1.375,0.3125,1.459077191241094,-0.375,-1.375,0.3125
1435298510551,-0.1875,0.9375,0.3125,1.0058423087144426,-0.1875,-0.9375,0.3125
1435298510749,-0.1875,1,0.375,1.084334473306092,-0.1875,-1,0.375
1435298510949,0.1875,2.1875,0,2.195521008781287,0.1875,-2.1875,0
1435298511148,0.125,0.0625,0.3125,0.3423265984407288,0.125,-0.0625,0.3125
1435298511346,-1,1.4375,0.25,1.7688714622606132,-1,-1.4375,0.25
1435298511546,-0.4375,1.9375,0.3125,2.0107134927681765,-0.4375,-1.9375,0.3125
1435298511743,-0.25,0.9375,0.0625,0.9722718241315028,-0.25,-0.9375,0.0625
1435298511942,-0.5625,1.5,-0.3125,1.6321956071500745,-0.5625,-1.5,-0.3125
1435298512141,0.3125,0.0625,0.1875,0.369754986443726,0.3125,-0.0625,0.1875
1435298512339,-1.5625,1.5625,0.3125,2.2316963839196404,-1.5625,-1.5625,0.3125
1435298512538,-0.5,1.125,0.25,1.2562344526401112,-0.5,-1.125,0.25
1435298512737,-0.25,0.875,0.25,0.9437293044088437,-0.25,-0.875,0.25
1435298512935,-0.1875,2,0,2.0087698349985246,-0.1875,-2,0
1435298513134,0.1875,0,0.5,0.5340002340823456,0.1875,0,0.5
1435298513532,-0.8125,1.5,0.4375,1.7611253504506714,-0.8125,-1.5,0.4375
1435298513534,0.875,1.375,0.375,1.6723860200324565,0.875,-1.375,0.375
1435298513730,-0.25,1.0625,0.3125,1.1353688827865593,-0.25,-1.0625,0.3125
1435298514128,-0.4375,0.6875,0.25,0.852386356061616,-0.4375,-0.6875,0.25
1435298514129,0.375,0.5,0,0.625,0.375,-0.5,0
1435298514327,0.125,1.125,1,1.5103807466993215,0.125,-1.125,1
1435298514526,-1.125,1,0.25,1.5258194519667128,-1.125,-1,0.25
1435298514923,-0.1875,1,0.375,1.084334473306092,-0.1875,-1,0.375
1435298514925,-0.0625,0.9375,0.3125,0.9901862198596787,-0.0625,-0.9375,0.3125
1435298515122,-0.3125,1.4375,0,1.4710752869924775,-0.3125,-1.4375,0
1435298515321,0.75,-0.0625,0.3125,0.8149003006503311,0.75,0.0625,0.3125
1435298515917,-0.8125,1.4375,1.0625,1.963534759050626,-0.8125,-1.4375,1.0625
1435298515919,0.9375,1.125,0.3125,1.4973935688388673,0.9375,-1.125,0.3125
1435298515920,-0.25,1,0.25,1.0606601717798212,-0.25,-1,0.25
1435298516117,-0.5,0.8125,-0.125,0.9621752698962908,-0.5,-0.8125,-0.125
1435298516712,-1.3125,-0.25,0,1.3360973954019968,-1.3125,0.25,0
1435298516713,-0.375,1.4375,0.625,1.6117246197784534,-0.375,-1.4375,0.625
1435298516715,1.8125,0.75,0.3125,1.986281072758838,1.8125,-0.75,0.3125
1435298516911,-0.25,1.125,0.3125,1.194060823408925,-0.25,-1.125,0.3125
1435298518103,-0.375,0.75,-0.0625,0.8408515029421069,-0.375,-0.75,-0.0625
1435298518700,-0.25,0.1875,0.0625,0.31868871959954903,-0.25,-0.1875,0.0625
1435298518702,-0.25,1.25,0.3125,1.3125,-0.25,-1.25,0.3125
1435298518703,-0.5625,0.9375,0.25,1.1215224028078976,-0.5625,-0.9375,0.25
1435298519108,-0.375,1.75,0.25,1.80710403685012,-0.375,-1.75,0.25
1435298519109,-0.3125,0.75,0.4375,0.9228014412645875,-0.3125,-0.75,0.4375
1435298519109,0.0625,2.4375,0,2.438301150391395,0.0625,-2.4375,0
1435298519495,-0.1875,0.5,0.4375,0.6903350635742038,-0.1875,-0.5,0.4375
